,0,1,2,3,4,5
1,-3.475329875946045,-7.4093732833862305,0.0,-1.0931271314620972,-7.043292999267578,-2.5448989868164062
2,-3.5955798625946045,-7.22688627243042,0.0,-1.091471552848816,-7.041518688201904,-2.514364719390869
3,-3.6296000480651855,-7.477054119110107,0.0,-1.0901808738708496,-7.031970977783203,-2.4380288124084473
4,-3.622384548187256,-7.364255428314209,0.0,-1.0901850461959839,-7.031912326812744,-2.4685630798339844
5,-3.718069076538086,-7.356106281280518,0.0,-1.0917729139328003,-7.032194137573242,-2.453295946121216
6,-3.605470657348633,-7.232818603515625,0.0,-1.093551754951477,-7.033085823059082,-2.346425771713257
7,-4.237884521484375,-7.698049068450928,0.0,-1.0946961641311646,-7.036746025085449,-2.6517691612243652
8,-3.7456257343292236,-7.5941290855407715,0.0,-1.0961542129516602,-7.043167591094971,-2.98764705657959
9,-3.3787102699279785,-7.217936992645264,0.0,-1.09442937374115,-7.044806480407715,-1.4151279926300049
10,-3.724590301513672,-7.534343719482422,0.0,-1.0947623252868652,-7.047936916351318,-3.048715591430664
11,-3.891348123550415,-6.9278244972229,0.0,-1.096990942955017,-7.05048131942749,-2.8502423763275146
12,-3.421647787094116,-7.300323009490967,0.0,-1.0924595594406128,-7.053574085235596,-2.1326851844787598
13,-3.8456778526306152,-7.192859649658203,0.0,-1.0932567119598389,-7.051965236663818,-2.880776882171631
14,-3.4783051013946533,-7.246777534484863,0.0,-1.090933084487915,-7.056419849395752,-2.270089864730835
15,-3.6043665409088135,-7.174503326416016,0.0,-1.0894931554794312,-7.061997413635254,-2.773906707763672
16,-3.868572950363159,-7.539940357208252,0.0,-1.089206576347351,-7.066471576690674,-2.2853569984436035
17,-4.016044616699219,-7.329345226287842,0.0,-1.0901942253112793,-7.0691752433776855,-2.5296318531036377
18,-3.8858399391174316,-7.587131023406982,0.0,-1.089636206626892,-7.073300361633301,-2.6059677600860596
19,-3.695345401763916,-7.689657688140869,0.0,-1.0886873006820679,-7.074455261230469,-2.4685630798339844
20,-3.681114673614502,-7.241137504577637,0.0,-1.091281771659851,-7.075857639312744,-2.483830213546753
21,-3.7979838848114014,-7.415859222412109,0.0,-1.093857765197754,-7.0808634757995605,-2.453295946121216
22,-3.293116569519043,-7.309640407562256,0.0,-1.0944633483886719,-7.084866046905518,-2.4380288124084473
23,-3.7583022117614746,-7.337381362915039,0.0,-1.0934927463531494,-7.083168029785156,-2.483830213546753
24,-3.799793004989624,-7.6973676681518555,0.0,-1.091490387916565,-7.079201698303223,-2.69757080078125
25,-3.527174949645996,-7.374095916748047,0.0,-1.0901325941085815,-7.074578285217285,-2.7128379344940186
26,-3.6834418773651123,-7.343852519989014,0.0,-1.0889028310775757,-7.073025226593018,-2.590700387954712
27,-3.3878092765808105,-7.581977844238281,0.0,-1.0888925790786743,-7.073056697845459,-2.728105068206787
28,-3.6834418773651123,-7.651252746582031,0.0,-1.092666506767273,-7.075125694274902,-2.6517691612243652
29,-3.826218843460083,-7.2465643882751465,0.0,-1.0950500965118408,-7.074371337890625,-2.2853569984436035
30,-3.458994150161743,-7.365042209625244,0.0,-1.095399260520935,-7.068561553955078,-2.4990973472595215
31,-3.625087261199951,-7.060796737670898,0.0,-1.0962114334106445,-7.064810276031494,-2.514364719390869
32,-3.9089603424072266,-7.262815952301025,0.0,-1.0957130193710327,-7.061904430389404,-2.621234893798828
33,-3.674720287322998,-7.354768753051758,0.0,-1.0948081016540527,-7.061297416687012,-2.407494306564331
34,-3.795968532562256,-7.452908515930176,0.0,-1.094162106513977,-7.0626983642578125,-2.6823034286499023
35,-3.5012943744659424,-7.365710735321045,0.0,-1.0930577516555786,-7.065185546875,-2.453295946121216
36,-3.592979907989502,-7.389615058898926,0.0,-1.0948609113693237,-7.063039779663086,-2.4990973472595215
37,-3.4779090881347656,-7.372940540313721,0.0,-1.0930252075195312,-7.06040096282959,-2.621234893798828
38,-3.501903772354126,-7.642327785491943,0.0,-1.0912986993789673,-7.059141159057617,-2.7128379344940186
39,-3.7550652027130127,-7.372251987457275,0.0,-1.0911402702331543,-7.058177947998047,-2.4380288124084473
40,-3.693507194519043,-7.724916934967041,0.0,-1.0911028385162354,-7.05954122543335,-2.346425771713257
41,-3.51629376411438,-7.1681742668151855,0.0,-1.0923517942428589,-7.0524187088012695,-2.407494306564331
42,-3.884366750717163,-7.349318981170654,0.0,-1.09284508228302,-7.04896354675293,-2.483830213546753
43,-3.770162343978882,-7.155445098876953,0.0,-1.092409372329712,-7.0489702224731445,-2.407494306564331
44,-3.649644374847412,-7.123772144317627,0.0,-1.093031883239746,-7.053509712219238,-2.560166120529175
45,-3.4379682540893555,-7.197035312652588,0.0,-1.0919033288955688,-7.057957649230957,-2.1784868240356445
46,-3.4989967346191406,-7.387271881103516,0.0,-1.09201979637146,-7.057542324066162,-2.483830213546753
47,-3.4007680416107178,-7.268706798553467,0.0,-1.0922471284866333,-7.058237552642822,-2.2548227310180664
48,-3.1413369178771973,-7.608728885650635,0.0,-1.0907626152038574,-7.059309482574463,-2.376960039138794
49,-3.855394124984741,-7.5140557289123535,0.0,-1.0921481847763062,-7.061023235321045,-2.117418050765991
50,-3.497262954711914,-7.509402751922607,0.0,-1.0929687023162842,-7.059756278991699,-2.3616929054260254
51,-3.3779194355010986,-7.218345642089844,0.0,-1.0948039293289185,-7.058872699737549,-2.4990973472595215
52,-3.8769078254699707,-7.512047290802002,0.0,-1.095139741897583,-7.059737205505371,-2.4990973472595215
53,-4.167530059814453,-7.3013081550598145,0.0,-1.0962154865264893,-7.060981750488281,-2.590700387954712
54,-3.1976511478424072,-7.6000776290893555,0.0,-1.0942493677139282,-7.060239791870117,-2.4227614402770996
55,-3.5993831157684326,-7.235370635986328,0.0,-1.0959354639053345,-7.055262565612793,-2.300624132156372
56,-3.5877292156219482,-7.858126640319824,0.0,-1.095003366470337,-7.055932521820068,-2.5448989868164062
57,-3.543461561203003,-7.180366039276123,0.0,-1.0945478677749634,-7.057617664337158,-2.2548227310180664
58,-3.443936824798584,-7.461267948150635,0.0,-1.0945196151733398,-7.058178901672363,-2.2395553588867188
59,-3.978651762008667,-7.087958812713623,0.0,-1.0954865217208862,-7.057256698608398,-2.483830213546753
60,-3.751812696456909,-7.324867248535156,0.0,-1.0948692560195923,-7.057178020477295,-2.3922271728515625
61,-3.724731683731079,-7.747325420379639,0.0,-1.0965393781661987,-7.055851936340332,-2.4990973472595215
62,-3.458994150161743,-7.518934726715088,0.0,-1.0955452919006348,-7.055820465087891,-2.5296318531036377
63,-3.7648138999938965,-7.224199295043945,0.0,-1.0959111452102661,-7.057136535644531,-2.4227614402770996
64,-3.2666475772857666,-7.623633861541748,0.0,-1.0966506004333496,-7.057692050933838,-2.331158399581909
65,-3.2104480266571045,-7.425306797027588,0.0,-1.0962822437286377,-7.058651447296143,-2.5754332542419434
66,-3.7769668102264404,-7.723351001739502,0.0,-1.094791054725647,-7.060111999511719,-2.4380288124084473
67,-3.5245437622070312,-7.5930070877075195,0.0,-1.0951446294784546,-7.060904026031494,-2.453295946121216
68,-3.63167142868042,-7.589271545410156,0.0,-1.0945526361465454,-7.0620927810668945,-2.5448989868164062
69,-3.7425808906555176,-7.404253959655762,0.0,-1.0953010320663452,-7.063633441925049,-2.453295946121216
70,-4.043087482452393,-7.547609329223633,0.0,-1.0990930795669556,-7.062739849090576,-2.4380288124084473
71,-3.8344948291778564,-6.894007205963135,0.0,-1.0995031595230103,-7.0618767738342285,-2.5448989868164062
72,-3.8424055576324463,-7.515517234802246,0.0,-1.0997467041015625,-7.062558650970459,-2.4990973472595215
73,-3.897191047668457,-7.1130266189575195,0.0,-1.1008800268173218,-7.064366340637207,-2.407494306564331
74,-3.486760139465332,-7.164705276489258,0.0,-1.100202202796936,-7.0652642250061035,-2.590700387954712
75,-3.54447078704834,-7.042865753173828,0.0,-1.099992275238037,-7.065576076507568,-2.2853569984436035
76,-3.3996496200561523,-7.611663818359375,0.0,-1.0983167886734009,-7.066016674041748,-2.6365020275115967
77,-3.6381797790527344,-7.282908916473389,0.0,-1.0993740558624268,-7.0659499168396,-2.4227614402770996
78,-3.4701828956604004,-7.3846116065979,0.0,-1.0968258380889893,-7.064681529998779,-2.5448989868164062
79,-3.6205852031707764,-7.248502731323242,0.0,-1.0969377756118774,-7.067208290100098,-2.514364719390869
80,-3.6880908012390137,-7.366457939147949,0.0,-1.0964287519454956,-7.069677829742432,-2.6823034286499023
81,-3.443721294403076,-7.536381244659424,0.0,-1.0977972745895386,-7.072594165802002,-2.22428822517395
82,-3.585880994796753,-7.430922508239746,0.0,-1.0983209609985352,-7.071890830993652,-2.804440975189209
83,-3.8647563457489014,-7.156833648681641,0.0,-1.097666621208191,-7.069082736968994,-2.5296318531036377
84,-3.507662296295166,-7.497086048126221,0.0,-1.09583580493927,-7.0650248527526855,-2.346425771713257
85,-3.738614559173584,-7.14568567276001,0.0,-1.094873070716858,-7.064054012298584,-2.7433722019195557
86,-3.67667293548584,-7.316533088684082,0.0,-1.093343734741211,-7.06597375869751,-2.3616929054260254
87,-3.741105556488037,-7.1493096351623535,0.0,-1.0935670137405396,-7.067196846008301,-2.4990973472595215
88,-3.553898811340332,-6.9910759925842285,0.0,-1.0926132202148438,-7.065424919128418,-2.3616929054260254
89,-3.5867669582366943,-7.376994609832764,0.0,-1.0934828519821167,-7.061676979064941,-2.407494306564331
90,-3.539398193359375,-7.364570140838623,0.0,-1.0947290658950806,-7.05835485458374,-2.5754332542419434
91,-3.680299997329712,-7.22621488571167,0.0,-1.096230387687683,-7.058740139007568,-2.4227614402770996
92,-3.6862363815307617,-7.432483673095703,0.0,-1.0970227718353271,-7.062365531921387,-2.5754332542419434
93,-3.721031665802002,-7.44571590423584,0.0,-1.098293423652649,-7.060726642608643,-2.5448989868164062
94,-3.615795373916626,-7.266420841217041,0.0,-1.096952199935913,-7.059442043304443,-2.69757080078125
95,-3.4032745361328125,-7.275364398956299,0.0,-1.096096396446228,-7.056403160095215,-2.3158912658691406
96,-3.3762829303741455,-7.497129440307617,0.0,-1.0946321487426758,-7.052766799926758,-2.4990973472595215
97,-3.820488452911377,-7.5020928382873535,0.0,-1.0949058532714844,-7.0536274909973145,-2.6517691612243652
98,-3.6665303707122803,-7.436367034912109,0.0,-1.0952407121658325,-7.056530952453613,-2.270089864730835
99,-3.653259515762329,-7.396388053894043,0.0,-1.0943557024002075,-7.058463096618652,-2.6059677600860596
100,-3.362924098968506,-7.314387321472168,0.0,-1.093253254890442,-7.058943748474121,-2.483830213546753
101,-3.670165538787842,-7.415685653686523,0.0,-1.0940239429473877,-7.057291030883789,-2.2395553588867188
102,-3.6634702682495117,-6.970451831817627,0.0,-1.094356894493103,-7.054653644561768,-2.7891738414764404
103,-3.5305702686309814,-7.651769161224365,0.0,-1.0931649208068848,-7.054642677307129,-2.270089864730835
104,-3.9328560829162598,-7.093521595001221,0.0,-1.0953140258789062,-7.055244445800781,-2.5296318531036377
105,-3.5558457374572754,-7.4553704261779785,0.0,-1.094290018081665,-7.0587897300720215,-2.3158912658691406
106,-3.5620646476745605,-7.021786689758301,0.0,-1.0957539081573486,-7.063129901885986,-2.6517691612243652
107,-3.652061939239502,-7.504758358001709,0.0,-1.0973217487335205,-7.0683441162109375,-2.086883783340454
108,-4.060428142547607,-7.349093914031982,0.0,-1.0989141464233398,-7.066854953765869,-2.3158912658691406
109,-3.987849712371826,-7.412992477416992,0.0,-1.0986781120300293,-7.0646443367004395,-2.514364719390869
110,-3.5823755264282227,-7.678492546081543,0.0,-1.097931981086731,-7.063805103302002,-2.376960039138794
111,-3.829016923904419,-7.545827865600586,0.0,-1.0992478132247925,-7.0653228759765625,-2.2090210914611816
112,-3.7527382373809814,-6.8806586265563965,0.0,-1.1024448871612549,-7.062990665435791,-2.621234893798828
113,-4.008419990539551,-7.165708541870117,0.0,-1.1044890880584717,-7.063473224639893,-2.483830213546753
114,-3.8421123027801514,-7.099586009979248,0.0,-1.1053181886672974,-7.062221527099609,-2.4380288124084473
115,-3.5565524101257324,-7.249273300170898,0.0,-1.105683445930481,-7.062256336212158,-2.3158912658691406
116,-3.5497119426727295,-7.178434371948242,0.0,-1.105902910232544,-7.060607433319092,-2.4227614402770996
117,-3.734323024749756,-6.952998638153076,0.0,-1.1036735773086548,-7.052873134613037,-2.6823034286499023
118,-3.822406053543091,-7.4495158195495605,0.0,-1.1013197898864746,-7.049340724945068,-2.4380288124084473
119,-3.4882640838623047,-7.7582197189331055,0.0,-1.0992530584335327,-7.049038887023926,-2.407494306564331
120,-3.67667293548584,-6.954718589782715,0.0,-1.099313735961914,-7.0485334396362305,-2.22428822517395
121,-3.6499288082122803,-7.75433349609375,0.0,-1.0994733572006226,-7.0459089279174805,-2.6517691612243652
122,-3.2386739253997803,-7.587736129760742,0.0,-1.1005581617355347,-7.0479936599731445,-2.270089864730835
123,-3.792299270629883,-7.446130275726318,0.0,-1.0986952781677246,-7.044555187225342,-2.6823034286499023
124,-3.4011964797973633,-7.3190836906433105,0.0,-1.0987783670425415,-7.044971466064453,-2.1326851844787598
125,-3.6538617610931396,-7.032145977020264,0.0,-1.1005700826644897,-7.048905849456787,-2.621234893798828
126,-3.566502809524536,-7.2110419273376465,0.0,-1.0971001386642456,-7.057558536529541,-2.4380288124084473
127,-3.6175754070281982,-7.2838544845581055,0.0,-1.0992660522460938,-7.065562725067139,-2.1479523181915283
128,-3.5269110202789307,-7.438577651977539,0.0,-1.0997470617294312,-7.072186470031738,-2.4685630798339844
129,-3.735525608062744,-7.73541784286499,0.0,-1.1007524728775024,-7.072737216949463,-2.8502423763275146
130,-4.091576099395752,-7.516415119171143,0.0,-1.1015934944152832,-7.067409992218018,-2.2853569984436035
131,-3.6265056133270264,-7.7191386222839355,0.0,-1.1002742052078247,-7.070616245269775,-2.6365020275115967
132,-3.685389280319214,-7.443769931793213,0.0,-1.0998215675354004,-7.0752081871032715,-2.270089864730835
133,-3.569061279296875,-7.538611888885498,0.0,-1.1016442775726318,-7.0740532875061035,-2.346425771713257
134,-3.278336763381958,-7.2707438468933105,0.0,-1.0992072820663452,-7.075896263122559,-2.483830213546753
135,-3.743501901626587,-7.197689056396484,0.0,-1.1004608869552612,-7.076334476470947,-2.560166120529175
136,-3.832867383956909,-7.315049648284912,0.0,-1.1038894653320312,-7.0737624168396,-2.22428822517395
137,-3.369584321975708,-7.493088722229004,0.0,-1.103021264076233,-7.071506500244141,-2.6365020275115967
138,-3.5992143154144287,-7.164430618286133,0.0,-1.1028928756713867,-7.072105407714844,-2.376960039138794
139,-3.877415657043457,-7.430372714996338,0.0,-1.1039884090423584,-7.068532943725586,-2.560166120529175
140,-3.967053174972534,-7.299513816833496,0.0,-1.106086254119873,-7.062942981719971,-2.331158399581909
141,-3.81488299369812,-7.158727169036865,0.0,-1.1034777164459229,-7.0647664070129395,-2.331158399581909
142,-3.778982162475586,-7.196132659912109,0.0,-1.1045775413513184,-7.066612720489502,-2.4685630798339844
143,-3.537184000015259,-7.47564172744751,0.0,-1.1028425693511963,-7.0687479972839355,-2.4685630798339844
144,-3.7156665325164795,-7.322681903839111,0.0,-1.1036878824234009,-7.067868232727051,-2.331158399581909
145,-3.7303311824798584,-7.40797233581543,0.0,-1.101586103439331,-7.065938472747803,-2.560166120529175
146,-3.496182441711426,-6.975678443908691,0.0,-1.099528193473816,-7.068329334259033,-2.407494306564331
147,-3.6214849948883057,-7.390480995178223,0.0,-1.0998347997665405,-7.068756580352783,-2.2548227310180664
148,-3.360365629196167,-7.4266533851623535,0.0,-1.0999441146850586,-7.069614410400391,-2.6059677600860596
149,-3.4495813846588135,-7.359200477600098,0.0,-1.0985347032546997,-7.070499420166016,-2.4227614402770996
150,-3.8233492374420166,-7.312139511108398,0.0,-1.1005226373672485,-7.067924976348877,-2.4380288124084473
151,-3.8347713947296143,-7.276585102081299,0.0,-1.101715087890625,-7.066432476043701,-2.4380288124084473
152,-3.6007301807403564,-7.761641025543213,0.0,-1.1010814905166626,-7.066805362701416,-2.4990973472595215
153,-3.586665630340576,-7.621696949005127,0.0,-1.10353684425354,-7.067821025848389,-2.331158399581909
154,-3.7141926288604736,-7.291959285736084,0.0,-1.1059786081314087,-7.06827974319458,-2.5754332542419434
155,-3.5558457374572754,-7.385749340057373,0.0,-1.106005072593689,-7.07240629196167,-2.4685630798339844
156,-3.696241617202759,-7.424567699432373,0.0,-1.1075661182403564,-7.075366497039795,-2.3922271728515625
157,-3.5990488529205322,-7.316757678985596,0.0,-1.1087199449539185,-7.075549125671387,-2.331158399581909
158,-3.531938076019287,-7.5622453689575195,0.0,-1.1072412729263306,-7.07757043838501,-2.560166120529175
159,-3.2477307319641113,-7.2795305252075195,0.0,-1.1062394380569458,-7.079395771026611,-2.331158399581909
160,-3.61490535736084,-7.236876010894775,0.0,-1.1083197593688965,-7.079129219055176,-2.3922271728515625
161,-3.577928304672241,-7.164300918579102,0.0,-1.1083256006240845,-7.079298496246338,-2.514364719390869
162,-3.587690591812134,-7.127780914306641,0.0,-1.107452630996704,-7.080201148986816,-2.300624132156372
163,-3.6847784519195557,-7.3606133460998535,0.0,-1.1076525449752808,-7.080127716064453,-2.331158399581909
164,-3.485905885696411,-7.121472358703613,0.0,-1.1068918704986572,-7.076568603515625,-2.5754332542419434
165,-3.6547658443450928,-7.148104667663574,0.0,-1.1071363687515259,-7.077818393707275,-2.4380288124084473
166,-3.806302785873413,-7.360095500946045,0.0,-1.1072261333465576,-7.079020023345947,-2.483830213546753
167,-3.7404608726501465,-7.413909912109375,0.0,-1.1094434261322021,-7.0822272300720215,-2.4990973472595215
168,-3.7444233894348145,-7.824088096618652,0.0,-1.1105707883834839,-7.085842132568359,-2.6365020275115967
169,-3.7012338638305664,-7.350857257843018,0.0,-1.1120784282684326,-7.0876078605651855,-2.300624132156372
170,-3.787524938583374,-7.380772113800049,0.0,-1.1102557182312012,-7.086335182189941,-2.621234893798828
171,-3.6916868686676025,-7.4016313552856445,0.0,-1.1094863414764404,-7.088470935821533,-2.346425771713257
172,-3.6296000480651855,-7.617420673370361,0.0,-1.1093761920928955,-7.084783554077148,-2.2090210914611816
173,-3.760572671890259,-7.3704376220703125,0.0,-1.110142707824707,-7.083463191986084,-2.5754332542419434
174,-3.5487208366394043,-7.414247989654541,0.0,-1.1113181114196777,-7.085659980773926,-2.3616929054260254
175,-3.8383336067199707,-7.231529235839844,0.0,-1.1127291917800903,-7.090209007263184,-2.2853569984436035
176,-3.741384267807007,-7.3321309089660645,0.0,-1.1124491691589355,-7.09291934967041,-2.514364719390869
177,-4.045086860656738,-7.4536967277526855,0.0,-1.1139169931411743,-7.092331886291504,-2.5754332542419434
178,-3.836677074432373,-7.336254119873047,0.0,-1.1137040853500366,-7.094084739685059,-2.3922271728515625
179,-3.630986213684082,-7.073300361633301,0.0,-1.1170259714126587,-7.092610836029053,-2.3158912658691406
180,-3.7389655113220215,-7.396806240081787,0.0,-1.1155390739440918,-7.092212677001953,-2.2548227310180664
181,-3.6776978969573975,-7.12516975402832,0.0,-1.115220546722412,-7.088279724121094,-2.4990973472595215
182,-3.7153234481811523,-7.73927116394043,0.0,-1.1151866912841797,-7.087822914123535,-2.483830213546753
183,-3.4376749992370605,-7.194957256317139,0.0,-1.1143463850021362,-7.083081245422363,-2.22428822517395
184,-3.2646031379699707,-7.609848976135254,0.0,-1.112439751625061,-7.0818047523498535,-2.590700387954712
185,-3.6388392448425293,-7.478878974914551,0.0,-1.1118943691253662,-7.08224630355835,-2.4227614402770996
186,-3.910346031188965,-7.453749656677246,0.0,-1.1106926202774048,-7.081706523895264,-2.667036294937134
187,-3.9051766395568848,-7.347809791564941,0.0,-1.1096662282943726,-7.079488277435303,-2.376960039138794
188,-3.661996841430664,-7.733966827392578,0.0,-1.109896183013916,-7.078283309936523,-2.2395553588867188
189,-3.38447904586792,-7.047621726989746,0.0,-1.1119847297668457,-7.076181888580322,-2.4685630798339844
190,-3.367096424102783,-7.899258613586426,0.0,-1.1094046831130981,-7.078514099121094,-2.3158912658691406
191,-3.892596483230591,-7.123597621917725,0.0,-1.111748456954956,-7.081905364990234,-2.4227614402770996
192,-3.357930898666382,-8.787384986877441,0.0,-1.0959481000900269,-7.093817710876465,-2.1021509170532227
193,-3.179476499557495,-5.6798529624938965,0.0,-1.128891110420227,-7.082037448883057,-0.5448989868164062
194,-2.906193971633911,-7.455586910247803,0.0,-1.1060620546340942,-7.077054023742676,-4.98764705657959
195,-2.8670146465301514,-8.745378494262695,0.0,-1.1117104291915894,-7.10383415222168,-0.8502426147460938
196,-3.2981252670288086,-7.380488872528076,0.0,-1.1031756401062012,-7.0823469161987305,-2.2395553588867188
197,-5.025267601013184,-7.037905693054199,0.0,-1.125182867050171,-7.083240509033203,-2.117418050765991
198,-0.4747498631477356,-4.888178825378418,0.0,-1.1242808103561401,-7.104874134063721,-2.621234893798828
199,-1.0614488124847412,-7.3596038818359375,0.0,-1.1154543161392212,-7.095525741577148,0.3863987922668457
200,-7.100378513336182,-9.869362831115723,0.0,-1.078423261642456,-7.057338714599609,-1.0487158298492432
201,-8.286785125732422,-7.449852466583252,0.0,-1.081332802772522,-7.077529430389404,-2.98764705657959
202,3.4965665340423584,-9.924470901489258,0.0,-1.10525381565094,-7.065067291259766,-2.376960039138794
203,0.8403809070587158,-5.95728874206543,0.0,-1.0931613445281982,-7.050837516784668,0.7222766876220703
204,-7.36870002746582,-5.864971160888672,0.0,-1.0862654447555542,-7.022421360015869,1.058154582977295
205,-4.290170669555664,-10.627742767333984,0.0,-1.0932831764221191,-7.020773887634277,-1.5067310333251953
206,3.8409998416900635,-8.368195533752441,0.0,-1.0637282133102417,-7.051010608673096,-9.186120986938477
207,2.737229585647583,-7.495384216308594,0.0,-1.0760087966918945,-7.023097515106201,-4.453295707702637
208,-5.19351053237915,-10.357186317443848,0.0,-1.0770277976989746,-7.007106781005859,3.7146434783935547
209,-4.538265228271484,-10.66677474975586,0.0,-1.0611845254898071,-7.011964321136475,3.7146434783935547
210,4.026132106781006,-5.672363758087158,0.0,-1.0350778102874756,-7.058064937591553,-9.048715591430664
211,-1.1368987560272217,-8.585946083068848,0.0,-1.0414320230484009,-7.017261028289795,-0.7891736030578613
212,-7.724595069885254,-9.289258003234863,0.0,-1.02457594871521,-7.000055313110352,0.8138794898986816
213,-7.828982353210449,-4.467350482940674,0.0,-1.0006093978881836,-7.0609588623046875,-3.1403188705444336
214,-5.414881229400635,-3.95101261138916,0.0,-0.9936901926994324,-7.078042984008789,-6.69757080078125
215,-5.783383846282959,-5.98817777633667,0.0,-0.9884892702102661,-7.055341720581055,-4.98764705657959
216,3.094858169555664,-4.2860283851623535,0.0,-0.9899705648422241,-7.10859489440918,-3.4609293937683105
217,-8.784066200256348,-9.893208503723145,0.0,-0.9878043532371521,-7.042276382446289,-2.3158912658691406
218,-4.549605369567871,-8.649324417114258,0.0,-0.9955059289932251,-7.05614709854126,-1.5677998065948486
219,-4.136783599853516,-5.023841857910156,0.0,-0.9811033606529236,-7.0954766273498535,-6.911311149597168
220,1.9619340896606445,-11.5413818359375,0.0,-0.9796250462532043,-7.086163520812988,0.050520896911621094
221,-7.7384867668151855,-7.194383144378662,0.0,-0.9735071063041687,-7.048765659332275,0.12685680389404297
222,-0.17439872026443481,-10.40017032623291,0.0,-0.9507588744163513,-7.110503196716309,-5.170853137969971
223,-2.0011942386627197,-9.959229469299316,0.0,-0.9666243195533752,-7.049541473388672,-0.27008962631225586
224,-4.33244514465332,-6.650125980377197,0.0,-0.9586603045463562,-7.073249816894531,-1.0945172309875488
225,-6.3434858322143555,-5.464061260223389,0.0,-0.9490920901298523,-7.0873188972473145,-1.6441357135772705
226,-2.101494789123535,-4.434497356414795,0.0,-0.9696338176727295,-7.108456134796143,7.119223594665527
227,4.06731653213501,-9.65240478515625,0.0,-0.9411836266517639,-7.038198471069336,-4.880776882171631
228,-8.653432846069336,-7.92695426940918,0.0,-0.9543378353118896,-7.060488700866699,5.180292129516602
229,-3.54296612739563,-10.236052513122559,0.0,-0.9706085324287415,-7.009462356567383,-1.3998608589172363
230,-13.099720001220703,-9.240554809570312,0.0,-0.9853505492210388,-7.026643753051758,-0.3158912658691406
231,-5.134525775909424,-7.074612140655518,0.0,-0.9763171076774597,-7.014719486236572,3.9589176177978516
232,-2.499985933303833,-7.604037761688232,0.0,-0.9750496745109558,-7.016656875610352,-0.8349752426147461
233,-1.9219330549240112,-8.119622230529785,0.0,-0.9606500864028931,-7.0042195320129395,-1.5830669403076172
234,-3.6529951095581055,-11.104686737060547,0.0,-0.9434288144111633,-7.033644676208496,-3.5372653007507324
235,-9.405840873718262,-4.563302516937256,0.0,-0.9615403413772583,-6.993652820587158,-2.3922271728515625
236,-7.455235958099365,-6.407214641571045,0.0,-0.9568095803260803,-6.996312141418457,1.806246280670166
237,9.177117347717285,-11.06213665008545,0.0,-0.9361375570297241,-6.988915920257568,-21.186119079589844
238,5.390480041503906,-10.923558235168457,0.0,-0.9741353988647461,-6.947434425354004,-9.873143196105957
239,-6.085910797119141,-4.382730484008789,0.0,-1.031288743019104,-6.949924945831299,-5.170853137969971
240,-12.41742992401123,-3.331514596939087,0.0,-1.0728241205215454,-7.043702602386475,15.058154106140137
241,-10.083650588989258,-6.461160659790039,0.0,-1.0539377927780151,-7.020771503448486,3.0428876876831055
242,4.640174388885498,-14.041029930114746,0.0,-1.0714691877365112,-6.970398902893066,-5.354059219360352
243,-2.053342580795288,-3.8683464527130127,0.0,-1.0628230571746826,-7.045450210571289,-1.8884103298187256
244,-3.8453996181488037,-0.3061501383781433,0.0,-1.062757134437561,-7.047463893890381,3.836780548095703
245,-1.7458304166793823,-9.297696113586426,0.0,-1.088749647140503,-7.021732807159424,-8.972379684448242
246,0.12331515550613403,-4.305689334869385,0.0,-1.0764325857162476,-7.073817253112793,10.768077850341797
247,9.129923820495605,-9.581827163696289,0.0,-1.073850154876709,-6.964127540588379,-15.354059219360352
248,-7.489430904388428,-6.584245204925537,0.0,-1.1203323602676392,-7.0775675773620605,6.691741943359375
249,2.6985623836517334,-11.448662757873535,0.0,-1.0648441314697266,-7.0326247215271,-13.796807289123535
250,-9.918966293334961,-3.242478609085083,0.0,-1.1445125341415405,-7.05816650390625,12.829146385192871
251,-3.1435046195983887,-5.571534156799316,0.0,-1.1296062469482422,-7.086184978485107,4.1726579666137695
252,-4.256822109222412,-15.141252517700195,0.0,-1.1082518100738525,-7.050918102264404,-4.041082382202148
253,12.336886405944824,-14.381361961364746,0.0,-1.0866432189941406,-7.045321464538574,-16.605968475341797
254,0.2853628695011139,-14.450541496276855,0.0,-1.081720232963562,-7.044173717498779,-12.560166358947754
255,9.659424781799316,-10.39999008178711,0.0,-1.0998886823654175,-6.991099834442139,-17.14031982421875
256,2.6706175804138184,-8.677661895751953,0.0,-1.1370786428451538,-7.03135347366333,-4.086883544921875
257,-9.5946044921875,-5.606873512268066,0.0,-1.1520087718963623,-7.113108158111572,-2.8197081089019775
258,-5.028451442718506,-12.124215126037598,0.0,-1.1766555309295654,-7.0840654373168945,-2.193753957748413
259,0.43043315410614014,-7.071131229400635,0.0,-1.154792070388794,-7.106756687164307,-6.2853569984436035
260,-7.453195095062256,-3.2013161182403564,0.0,-1.150251865386963,-7.140030860900879,2.416933059692383
261,-6.258561134338379,-3.7994086742401123,0.0,-1.144799828529358,-7.149212837219238,5.317696571350098
262,0.9175209403038025,-5.88771915435791,0.0,-1.1476526260375977,-7.091301918029785,-6.300623893737793
263,-3.9771366119384766,-5.764918804168701,0.0,-1.1537121534347534,-7.164856910705566,1.6535744667053223
264,-12.140685081481934,-6.93248987197876,0.0,-1.1958345174789429,-7.122509479522705,16.172657012939453
265,5.294272422790527,-15.835065841674805,0.0,-1.196488380432129,-7.092119216918945,-21.41512680053711
266,9.844293594360352,-9.59730052947998,0.0,-1.2134063243865967,-7.068057060241699,-16.392227172851562
267,0.5359987616539001,-5.162026882171631,0.0,-1.2459712028503418,-7.0996174812316895,2.0352535247802734
268,-2.032031536102295,-12.020349502563477,0.0,-1.235438346862793,-7.064311504364014,-4.743372440338135
269,-3.512092113494873,-12.967798233032227,0.0,-1.2709330320358276,-7.129727363586426,1.058154582977295
270,-2.666916847229004,-10.525592803955078,0.0,-1.217418909072876,-7.147159576416016,-0.5143647193908691
271,-10.829930305480957,-7.24403715133667,0.0,-1.2101941108703613,-7.129339218139648,0.12685680389404297
272,1.7859165668487549,-8.267542839050293,0.0,-1.2060073614120483,-7.097855091094971,-7.55253267288208
273,3.9902291297912598,-13.298930168151855,0.0,-1.1909774541854858,-7.093506813049316,-20.651769638061523
274,-16.058704376220703,-3.0246806144714355,0.0,-1.1835978031158447,-7.163307189941406,2.7222766876220703
275,-9.012990951538086,-2.219170570373535,0.0,-1.305949330329895,-7.073110580444336,-3.1403188705444336
276,-5.670102596282959,-5.831936359405518,0.0,-1.3526782989501953,-7.106673240661621,1.9741849899291992
277,7.672502517700195,-10.227813720703125,0.0,-1.347912311553955,-7.1014580726623535,-10.285356521606445
278,-16.080854415893555,-17.134353637695312,0.0,-1.3784750699996948,-7.0637335777282715,-11.796807289123535
279,-2.8721399307250977,-12.919492721557617,0.0,-1.4330964088439941,-7.116118431091309,-6.850242614746094
280,1.5612128973007202,-11.966612815856934,0.0,-1.3711758852005005,-7.1239471435546875,-9.53726577758789
281,-12.081485748291016,-6.410429954528809,0.0,-1.3854060173034668,-7.156791687011719,-3.201387405395508
282,-10.149866104125977,-2.551908016204834,0.0,-1.3896687030792236,-7.188680171966553,6.798612594604492
283,-11.937045097351074,-3.807995080947876,0.0,-1.3709700107574463,-7.143776893615723,7.6077728271484375
284,-17.406557083129883,-3.9434118270874023,0.0,-1.4883694648742676,-7.128290176391602,11.623040199279785
285,10.714937210083008,-2.2593870162963867,0.0,-1.503287672996521,-7.095470905303955,-0.30062437057495117
286,3.679910659790039,-11.759411811828613,0.0,-1.484966516494751,-7.092629432678223,-16.163219451904297
287,-0.44981512427330017,-8.456212043762207,0.0,-1.5046193599700928,-7.092991828918457,7.149757385253906
288,-4.006908893585205,-3.9915270805358887,0.0,-1.5176317691802979,-7.142297267913818,6.752811431884766
289,-9.9767427444458,-6.9029083251953125,0.0,-1.4938886165618896,-7.158710479736328,7.287161827087402
290,0.3427184522151947,-6.563039779663086,0.0,-1.466810703277588,-7.146545886993408,-4.3922271728515625
291,1.55758798122406,-5.526838302612305,0.0,-1.4790629148483276,-7.111198425292969,-15.995280265808105
292,-0.91731196641922,-8.431743621826172,0.0,-1.4947538375854492,-7.134240627288818,9.714643478393555
293,-0.3808996081352234,-10.906498908996582,0.0,-1.478051781654358,-7.0340094566345215,-8.651769638061523
294,-26.175199508666992,-17.44386100769043,0.0,-1.5043710470199585,-7.087025165557861,-17.93421173095703
295,-2.07363224029541,-6.6454081535339355,0.0,-1.5310297012329102,-7.069588661193848,-5.903677463531494
296,-2.2686500549316406,-9.753957748413086,0.0,-1.5730994939804077,-7.104165077209473,-3.6746699810028076
297,9.957672119140625,-1.740417242050171,0.0,-1.581501841545105,-7.124399662017822,0.0810551643371582
298,-25.890161514282227,-11.07827091217041,0.0,-1.6560109853744507,-7.168659687042236,-15.659402847290039
299,-13.730819702148438,-12.428365707397461,0.0,-1.6454373598098755,-7.138382911682129,-0.3311586380004883
300,16.682424545288086,-8.887410163879395,0.0,-1.6348850727081299,-7.08551025390625,18.46273422241211
301,-38.73678970336914,-11.154881477355957,0.0,-1.53415048122406,-7.05654239654541,0.9054827690124512
302,-31.331071853637695,-5.880752086639404,0.0,-1.3427300453186035,-7.023013591766357,-6.728105068206787
303,-29.4672794342041,-4.9710588455200195,0.0,-1.3052095174789429,-6.970518112182617,16.79861068725586
304,25.191913604736328,-1.5282753705978394,0.0,-1.309436559677124,-7.045432090759277,9.439833641052246
305,-10.652398109436035,-13.108799934387207,0.0,-1.4295508861541748,-6.947690010070801,-21.216655731201172
306,27.87177848815918,38.896873474121094,0.0,-1.1488242149353027,-6.943049430847168,-15.048715591430664
307,32.88547134399414,11.155195236206055,0.0,-1.1004912853240967,-6.912746429443359,2.6001391410827637
308,-11.68106746673584,-8.895134925842285,0.0,-1.2046408653259277,-6.834892272949219,21.058155059814453
309,-25.481475830078125,-11.337523460388184,0.0,-1.3539984226226807,-6.704104423522949,-36.45329666137695
310,60.48600769042969,10.25432300567627,0.0,-1.3516236543655396,-6.599625587463379,12.874947547912598
311,-20.290578842163086,-9.972023010253906,0.0,-1.0724135637283325,-6.978329181671143,-49.33879470825195
312,-16.720504760742188,-7.40006160736084,0.0,-1.0613149404525757,-6.694632530212402,-34.89604568481445
313,4.565735340118408,-12.843099594116211,0.0,-1.0798894166946411,-6.867100715637207,-4.89604377746582
314,-5.706956386566162,-5.033756256103516,0.0,-1.0747720003128052,-7.116961479187012,-12.05634880065918
315,-0.7574006915092468,-2.9294304847717285,0.0,-1.0590158700942993,-6.856095790863037,-12.514364242553711
316,47.86399459838867,22.801837921142578,0.0,-1.209349274635315,-6.526551246643066,28.569602966308594
317,10.071839332580566,-8.755290031433105,0.0,-0.9221047163009644,-6.917983055114746,-19.552532196044922
318,-16.03294563293457,-7.841391563415527,0.0,-0.8852862119674683,-6.646371841430664,-25.323524475097656
319,-12.440567970275879,-3.1290526390075684,0.0,-1.04877769947052,-6.717306613922119,-17.109783172607422
320,19.54479217529297,28.196025848388672,0.0,-1.0550223588943481,-6.7176194190979,-10.544898986816406
321,-18.673810958862305,-1.038424015045166,0.0,-0.890551745891571,-6.494248867034912,-6.926578521728516
322,20.66053581237793,-8.174731254577637,0.0,-0.9065110683441162,-6.179593086242676,-3.903677463531494
323,1.3857743740081787,-17.02056121826172,0.0,-1.042533040046692,-6.574296951293945,-20.132686614990234
324,-25.33998680114746,-5.035793781280518,0.0,-0.8311907649040222,-6.4692254066467285,17.821514129638672
325,-26.57211685180664,-12.676176071166992,0.0,-0.7820901274681091,-6.5487260818481445,33.455101013183594
326,74.09715270996094,31.59536361694336,0.0,-0.6480973958969116,-6.548736095428467,-20.056350708007812
327,-2.91106915473938,-7.917901992797852,0.0,-0.49382737278938293,-6.330632209777832,1.5619711875915527
328,6.79303503036499,-7.117419242858887,0.0,-0.7740304470062256,-6.3315629959106445,39.790977478027344
329,-4.064866542816162,-25.95366668701172,0.0,-0.8498179316520691,-6.562764644622803,-29.01818084716797
330,38.79859924316406,-5.394173622131348,0.0,-0.5501871705055237,-6.286301136016846,-20.453296661376953
331,-15.427657127380371,-0.6842506527900696,0.0,-0.820882260799408,-6.4986162185668945,-6.086883544921875
332,23.51619529724121,51.2939338684082,0.0,-0.9186968803405762,-6.168715476989746,28.310062408447266
333,-19.754615783691406,-9.04757022857666,0.0,-0.9665205478668213,-6.465264797210693,-13.674670219421387
334,16.717817306518555,-1.6499959230422974,0.0,-0.7693613767623901,-6.356695175170898,-17.964746475219727
335,46.54194641113281,-4.382407188415527,0.0,-0.8010825514793396,-6.477952480316162,27.68410873413086
336,3.1713809967041016,-18.46156883239746,0.0,-0.9672567844390869,-6.475686073303223,-28.438030242919922
337,-24.77766227722168,-3.0714313983917236,0.0,-0.897842288017273,-6.289934158325195,-2.1479523181915283
338,-15.391439437866211,-17.359020233154297,0.0,-1.1795927286148071,-6.337921142578125,4.890215873718262
339,-30.913658142089844,-7.967046737670898,0.0,-1.248175859451294,-6.18054723739624,47.28716278076172
340,-4.412766456604004,-12.613697052001953,0.0,-1.0217535495758057,-6.290197372436523,-26.667037963867188
341,-6.252697944641113,-13.115702629089355,0.0,-0.7696549296379089,-6.236697196960449,1.1497573852539062
342,49.96770477294922,-15.17799186706543,0.0,-0.7648879885673523,-6.403814792633057,33.65357208251953
343,-6.693990230560303,-2.143281936645508,0.0,-0.8191119432449341,-6.223248481750488,26.355865478515625
344,60.89299011230469,-2.145747184753418,0.0,-0.5945870876312256,-6.202206611633301,14.157391548156738
345,27.31232261657715,-4.855754852294922,0.0,-0.5404616594314575,-6.363439559936523,-8.483830451965332
346,-3.481771230697632,-6.077548503875732,0.0,-0.7331098914146423,-6.2038984298706055,6.447467803955078
347,-10.895368576049805,-16.580459594726562,0.0,-0.7133843898773193,-6.455694198608398,1.5619711875915527
348,-8.0424222946167,-6.436214447021484,0.0,-0.8973633050918579,-6.248109340667725,24.737545013427734
349,-47.31684494018555,-2.7144086360931396,0.0,-1.0709301233291626,-6.406711578369141,41.31769561767578
350,-46.923240661621094,25.272899627685547,0.0,-0.9896198511123657,-5.915618896484375,0.7833452224731445
351,2.3038601875305176,-6.752508163452148,0.0,-0.6867601871490479,-6.108713626861572,-41.53726577758789
352,15.23385238647461,21.59657096862793,0.0,-0.832636296749115,-5.871775150299072,-18.560165405273438
353,18.92070198059082,-9.280478477478027,0.0,-0.8957013487815857,-6.29855489730835,-7.247189044952393
354,16.316802978515625,-4.382287502288818,0.0,-0.5792794823646545,-6.142570972442627,-28.3616943359375
355,-20.529050827026367,-5.5271382331848145,0.0,-0.7539159059524536,-6.189548015594482,-15.56779956817627
356,-60.15774154663086,-24.700258255004883,0.0,-0.6814985871315002,-6.374176025390625,-17.842609405517578
357,12.09843921661377,-6.509090423583984,0.0,-0.5699637532234192,-6.071786880493164,-1.0029141902923584
358,-39.67161178588867,-1.0788631439208984,0.0,-0.852911114692688,-6.104049205780029,18.92074966430664
359,-10.793201446533203,-6.078332901000977,0.0,-1.0011909008026123,-6.047715663909912,-12.89604377746582
360,-3.2069809436798096,-10.617259979248047,0.0,-0.9046978950500488,-6.084659099578857,-16.407493591308594
361,-61.849056243896484,-7.037400245666504,0.0,-0.9438767433166504,-5.97296142578125,-22.621234893798828
362,-0.8826025128364563,-0.06850011646747589,0.0,-0.9129129648208618,-6.116302967071533,-17.827342987060547
363,-1.6842777729034424,-4.287071704864502,0.0,-0.968743085861206,-5.982897758483887,19.195560455322266
364,-22.491409301757812,-7.824375152587891,0.0,-0.9799267649650574,-6.189492225646973,-34.30062484741211
365,54.35637664794922,-6.9624199867248535,0.0,-0.8057865500450134,-5.948142051696777,45.71464157104492
366,-11.076916694641113,-7.8123345375061035,0.0,-0.5952322483062744,-5.875816822052002,-31.09451675415039
367,12.19996452331543,-7.7490997314453125,0.0,-0.3813183903694153,-5.826651096343994,-70.46856689453125
368,-51.620201110839844,-21.153839111328125,0.0,-0.7858851552009583,-5.733370780944824,44.06578826904297
369,7.641738414764404,9.437219619750977,0.0,-0.780875027179718,-5.798981666564941,78.58486938476562
370,-32.66462326049805,-14.588298797607422,0.0,-0.28289762139320374,-5.8112101554870605,-77.0639877319336
371,33.4205207824707,-6.227634906768799,0.0,-0.2519582509994507,-5.694409370422363,-66.57543182373047
372,-1.0923316478729248,-4.825506687164307,0.0,-0.3857870399951935,-5.568666934967041,9.19555950164795
373,24.042943954467773,69.43114471435547,0.0,-0.013835134916007519,-5.730292797088623,-29.033447265625
374,-5.7884063720703125,-11.649148941040039,0.0,0.051043711602687836,-5.580291748046875,-18.743371963500977
375,-8.310463905334473,-9.96366024017334,0.0,-0.3803400993347168,-5.708113670349121,25.80624771118164
376,4.207840919494629,-1.9111965894699097,0.0,-0.54078608751297,-5.761161804199219,2.233726978302002
377,-1.1180719137191772,-8.102564811706543,0.0,-0.4753761291503906,-5.805583953857422,0.03525352478027344
378,-6.81224250793457,-5.327020168304443,0.0,-0.15828146040439606,-5.873591899871826,16.46273422241211
379,8.08333683013916,-0.2329968363046646,0.0,0.04820612818002701,-5.953060150146484,-34.468563079833984
380,-16.64313316345215,-17.286663055419922,0.0,0.11005239933729172,-5.926698684692383,10.844413757324219
381,-46.66786575317383,-0.6858586668968201,0.0,-0.1700851172208786,-5.539231777191162,23.28716278076172
382,-7.672933101654053,-1.3626554012298584,0.0,-0.3793017864227295,-5.546513080596924,-21.674671173095703
383,-15.376630783081055,-14.553329467773438,0.0,-0.4031338691711426,-5.509079456329346,4.890215873718262
384,-14.911518096923828,-5.911491394042969,0.0,-0.2693611681461334,-5.771416664123535,-41.751007080078125
385,22.384384155273438,11.944859504699707,0.0,-0.11343680322170258,-5.37276554107666,22.18792724609375
386,10.738863945007324,-0.29996457695961,0.0,0.44636380672454834,-6.031254768371582,-43.46092987060547
387,-28.606002807617188,-25.24207305908203,0.0,0.5377472639083862,-5.654528617858887,15.348231315612793
388,17.347387313842773,-2.7755913734436035,0.0,-0.15887315571308136,-5.649018287658691,56.569602966308594
389,39.34687805175781,-0.6395938396453857,0.0,-0.12528768181800842,-5.935580253601074,-26.667037963867188
390,16.016849517822266,-43.348785400390625,0.0,0.0882628858089447,-5.501692771911621,-47.56780242919922
391,-1.2656867504119873,28.571043014526367,0.0,0.20302310585975647,-6.0074849128723145,-48.49909973144531
392,-65.64913940429688,-30.84786033630371,0.0,0.40891996026039124,-5.935929775238037,-33.21665573120117
393,-1.729041576385498,2.637423276901245,0.0,0.17943796515464783,-5.681413650512695,68.44746398925781
394,-21.935625076293945,2.138475179672241,0.0,-0.07449918985366821,-5.9545111656188965,24.630672454833984
395,-3.8925487995147705,-9.791825294494629,0.0,-0.042134225368499756,-5.435793399810791,20.600139617919922
396,5.301285743713379,-13.348213195800781,0.0,0.007287439424544573,-5.700508117675781,-0.07161664962768555
397,-68.26145935058594,-6.816436767578125,0.0,0.18894290924072266,-6.0204877853393555,-60.468563079833984
398,25.383495330810547,-19.805133819580078,0.0,0.02438569813966751,-5.791777610778809,-7.903677940368652
399,-17.72154998779297,-2.6136834621429443,0.0,0.382368266582489,-6.145500183105469,12.218459129333496
400,-16.813068389892578,-7.44542932510376,0.0,0.22760450839996338,-5.977800369262695,23.68410873413086
401,-26.006296157836914,-26.00482940673828,0.0,0.025208985432982445,-5.978940963745117,-2.69757080078125
402,-10.845101356506348,-25.64414405822754,0.0,-0.13314011693000793,-5.929981708526611,8.46273422241211
403,-28.59891128540039,-9.566454887390137,0.0,-0.22960415482521057,-5.819788932800293,-2.941845417022705
404,44.39384841918945,-4.4252448081970215,0.0,-0.3655870258808136,-5.946725845336914,3.9283838272094727
405,0.6111781001091003,-11.319809913635254,0.0,-0.3441494107246399,-5.840382099151611,-4.758639335632324
406,-46.3509521484375,-11.437247276306152,0.0,-0.3595241904258728,-5.454853057861328,-0.2853569984436035
407,26.316089630126953,-11.952686309814453,0.0,-0.5304059982299805,-5.73955774307251,-51.72047424316406
408,33.12161636352539,20.61341667175293,0.0,-0.4306849539279938,-5.6858601570129395,-9.506731033325195
409,-71.80012512207031,-11.57243537902832,0.0,-0.2777386009693146,-5.841676712036133,9.409299850463867
410,45.272281646728516,-3.221173048019409,0.0,-0.1341005563735962,-5.712204456329346,14.844414710998535
411,-40.738826751708984,-25.535173416137695,0.0,-0.08273336291313171,-6.036214828491211,-7.476196765899658
412,-24.85355567932129,-15.223211288452148,0.0,-0.04847877100110054,-5.908154010772705,33.77571105957031
413,40.19158935546875,-0.3158016800880432,0.0,-0.40666624903678894,-5.534111499786377,39.36349868774414
414,-22.44192886352539,1.266089677810669,0.0,-0.3115350008010864,-6.142754077911377,-33.90367889404297
415,-37.068336486816406,-13.425504684448242,0.0,-0.32682347297668457,-5.322869300842285,-7.201387405395508
416,-11.944870948791504,-8.071823120117188,0.0,-0.29876160621643066,-5.7855377197265625,-28.102149963378906
417,0.5973145961761475,-3.873422622680664,0.0,-0.21502599120140076,-5.831881523132324,7.668841361999512
418,-0.7825202345848083,-9.205322265625,0.0,-0.26594996452331543,-5.781614780426025,8.874948501586914
419,-44.618736267089844,26.25168800354004,0.0,-0.1942288726568222,-5.856386661529541,13.241360664367676
420,-12.078866004943848,-9.414311408996582,0.0,-0.0889463871717453,-5.790469646453857,-3.6746699810028076
421,89.50154113769531,-14.411540031433105,0.0,-0.050088461488485336,-5.771188259124756,-9.125051498413086
422,-19.754043579101562,-10.178157806396484,0.0,-0.34595540165901184,-5.560678482055664,5.790979385375977
423,-53.335330963134766,-26.979957580566406,0.0,-0.41991567611694336,-5.867966651916504,-13.033448219299316
424,-9.931734085083008,-9.825993537902832,0.0,-0.27864503860473633,-5.677830696105957,41.50090026855469
425,-40.36820983886719,-35.095890045166016,0.0,-0.17274974286556244,-5.862362861633301,7.0428876876831055
426,-88.20386505126953,7.686750888824463,0.0,-0.5240928530693054,-5.553072452545166,30.630672454833984
427,-7.775227069854736,2.9001851081848145,0.0,-0.3729255795478821,-5.9985809326171875,-41.90367889404297
428,-7.393039226531982,-5.567014217376709,0.0,-0.5689965486526489,-5.624555587768555,28.630672454833984
429,-9.276055335998535,5.927779197692871,0.0,-0.615759015083313,-5.892305374145508,12.279528617858887
430,18.84402084350586,-5.305849552154541,0.0,-0.5635021328926086,-5.729124069213867,-31.659404754638672
431,-23.169551849365234,-7.042914867401123,0.0,-0.48341965675354004,-5.740305423736572,-24.81970977783203
432,78.13573455810547,1.7614799737930298,0.0,-0.6145172119140625,-5.873732566833496,-9.292990684509277
433,-21.803815841674805,-21.057071685791016,0.0,-0.5900537371635437,-5.815230846405029,-3.125051498413086
434,9.058706283569336,-5.073118209838867,0.0,-0.5168334245681763,-5.908266544342041,-29.552532196044922
435,21.128225326538086,-13.603230476379395,0.0,-0.30738770961761475,-6.004075050354004,5.10395622253418
436,-40.37322998046875,-9.904921531677246,0.0,-0.3608354330062866,-5.828968524932861,-22.3616943359375
437,-34.411922454833984,-9.09732437133789,0.0,-0.4294741749763489,-5.7211408615112305,-23.52199935913086
438,61.244022369384766,-7.883759498596191,0.0,-0.6218975186347961,-5.863818645477295,-24.544898986816406
439,2.5739965438842773,-2.4572718143463135,0.0,-0.6314335465431213,-6.015108585357666,4.752811431884766
440,0.008727586828172207,-6.120715141296387,0.0,-0.3847484588623047,-5.822684288024902,22.768077850341797
441,-7.822282314300537,-11.260038375854492,0.0,-0.3257516622543335,-5.951719760894775,-5.812074661254883
442,-30.411714553833008,-12.187432289123535,0.0,-0.13101232051849365,-5.833723545074463,-8.834975242614746
443,60.47116470336914,7.029481887817383,0.0,-0.34903642535209656,-5.698117256164551,31.088687896728516
444,-10.057269096374512,-4.550940036773682,0.0,-0.46448296308517456,-6.017585754394531,-17.14031982421875
445,-16.145732879638672,-13.64355754852295,0.0,-0.46716561913490295,-5.903025150299072,-13.27772331237793
446,-24.442216873168945,-6.207855224609375,0.0,-0.15068723261356354,-6.095566749572754,-44.63650131225586
447,-23.432950973510742,-4.159238338470459,0.0,-0.030058175325393677,-6.057798385620117,-9.063982963562012
448,2.322880744934082,-1.075899362564087,0.0,-0.08800104260444641,-6.0720720291137695,27.210826873779297
449,-9.802495956420898,-10.569982528686523,0.0,-0.2432401478290558,-5.812464237213135,41.974185943603516
450,5.643310070037842,-13.53205680847168,0.0,-0.600489616394043,-5.961076259613037,30.829147338867188
451,-34.33102035522461,-10.914155960083008,0.0,-0.310374915599823,-5.7848052978515625,7.119223594665527
452,-23.17271614074707,-7.221629619598389,0.0,-0.03464537858963013,-6.132541656494141,-28.65176773071289
453,83.36827850341797,-35.808895111083984,0.0,0.06772008538246155,-6.03847599029541,-9.506731033325195
454,-19.550960540771484,-22.313940048217773,0.0,0.1415819227695465,-6.102935314178467,15.103955268859863
455,-3.3981988430023193,-4.8747782707214355,0.0,-0.11925660073757172,-6.10873556137085,41.531436920166016
456,26.19196891784668,-4.640214443206787,0.0,-0.1679014265537262,-5.85532808303833,-41.323524475097656
457,-43.08079528808594,-4.917881965637207,0.0,-0.2215014547109604,-5.919112205505371,-18.468563079833984
458,-13.711119651794434,-1.1238082647323608,0.0,-0.09787417203187943,-6.231456279754639,-32.926578521728516
459,5.414421558380127,-2.552201747894287,0.0,0.04741654545068741,-6.23156213760376,-0.9265785217285156
460,-4.173748016357422,-12.585171699523926,0.0,-0.23358361423015594,-6.359155654907227,34.78334426879883
461,3.7000720500946045,-7.240619659423828,0.0,-0.456668883562088,-6.1401777267456055,31.62303924560547
462,1.5302119255065918,-3.368767261505127,0.0,-0.6255728602409363,-6.069482803344727,5.195559501647949
463,2.985414981842041,2.0985963344573975,0.0,-0.6222468614578247,-5.96437406539917,-28.911312103271484
464,-4.085830211639404,-3.660313367843628,0.0,-0.35045573115348816,-6.04083776473999,21.226093292236328
465,-17.54920196533203,-23.225902557373047,0.0,-0.10515535622835159,-6.303494930267334,-6.13268518447876
466,11.955914497375488,-10.352678298950195,0.0,-0.030682608485221863,-6.290520668029785,13.40929889678955
467,-69.38198852539062,-0.30047813057899475,0.0,-0.07927200943231583,-6.183603763580322,-4.621234893798828
468,4.812870502471924,2.996915578842163,0.0,-0.43418288230895996,-6.173412322998047,-0.23955535888671875
469,82.80037689208984,24.4910945892334,0.0,-0.39982327818870544,-6.087471008300781,36.355865478515625
470,2.007669687271118,0.6106694936752319,0.0,-0.4181000292301178,-6.225009918212891,5.760444641113281
471,4.395430564880371,-0.3819989860057831,0.0,-0.24431055784225464,-5.959550380706787,13.745177268981934
472,1.4457345008850098,-3.925868272781372,0.0,0.31517693400382996,-6.3896050453186035,-40.56016540527344
473,-12.948195457458496,-14.725627899169922,0.0,0.47743794322013855,-5.620038032531738,20.310062408447266
474,11.188268661499023,-8.279438972473145,0.0,-0.13713297247886658,-6.106297016143799,10.6306734085083
475,-15.439705848693848,-10.250506401062012,0.0,-0.09847413748502731,-6.002131938934326,-17.842609405517578
476,-12.438567161560059,-6.042305946350098,0.0,-0.061457857489585876,-5.998966217041016,5.378765106201172
477,-2.5320258140563965,-1.2612810134887695,0.0,0.103512704372406,-5.994054317474365,24.01998519897461
478,15.88708209991455,2.5887510776519775,0.0,0.41720739006996155,-6.218468189239502,-7.8273420333862305
479,-39.612388610839844,-15.7907075881958,0.0,0.35439133644104004,-6.0296244621276855,-7.063982963562012
480,-5.093255996704102,-5.295683860778809,0.0,0.14825010299682617,-6.003237724304199,36.66120529174805
481,7.772741317749023,-1.2142581939697266,0.0,0.08100111037492752,-5.9723358154296875,-22.941844940185547
482,-1.333019495010376,-14.503028869628906,0.0,0.2898399531841278,-5.635710716247559,-39.64413833618164
483,-33.20939254760742,-11.40989875793457,0.0,0.18643613159656525,-6.061249732971191,9.332963943481445
484,-20.408998489379883,-6.818052768707275,0.0,0.41204097867012024,-5.959515571594238,14.691742897033691
485,-7.257869243621826,-11.422021865844727,0.0,0.30120497941970825,-5.9894304275512695,11.500903129577637
486,-59.9787483215332,-14.753400802612305,0.0,0.050230659544467926,-5.960081577301025,6.096322059631348
487,36.992271423339844,-4.68222188949585,0.0,-0.09838239848613739,-5.821004867553711,31.165023803710938
488,4.709249973297119,12.39381217956543,0.0,-0.18747107684612274,-5.797750949859619,-4.911311149597168
489,-22.336109161376953,-9.871356964111328,0.0,0.0003921993193216622,-5.815100193023682,-54.575435638427734
490,-29.20496368408203,1.825575351715088,0.0,0.08945540338754654,-5.924593925476074,-25.705204010009766
491,3.0266189575195312,-27.068960189819336,0.0,0.2994249165058136,-6.0185699462890625,-11.186120986938477
492,24.897357940673828,-1.9870717525482178,0.0,0.21287159621715546,-5.981848239898682,-1.8120744228363037
493,74.98198699951172,-9.063161849975586,0.0,0.5955679416656494,-5.708285808563232,-34.025814056396484
494,66.8192367553711,-5.387279987335205,0.0,0.1236775666475296,-5.916487693786621,-10.132684707641602
495,4.448733806610107,-5.76127290725708,0.0,0.5431195497512817,-5.8007683753967285,-4.804440975189209
496,-17.009531021118164,-15.265100479125977,0.0,0.19054894149303436,-5.752983570098877,31.897850036621094
497,-14.822249412536621,-7.948984146118164,0.0,0.15982991456985474,-5.924973011016846,-15.720471382141113
498,-21.45791244506836,-13.739538192749023,0.0,0.09825073182582855,-5.647852420806885,-1.1708531379699707
499,-65.18416595458984,2.711775779724121,0.0,0.17741842567920685,-5.824703693389893,20.85968017578125
500,-18.591976165771484,-1.5357420444488525,0.0,0.5807142853736877,-5.770712852478027,24.79861068725586
501,-18.322956085205078,-16.04996109008789,0.0,0.8826737403869629,-5.830083847045898,-51.628868103027344
502,13.219768524169922,-10.552104949951172,0.0,1.246151328086853,-5.574857711791992,-30.163219451904297
503,22.12689208984375,-27.074491500854492,0.0,0.6649879813194275,-5.680099964141846,-20.941844940185547
504,22.923269271850586,48.61360549926758,0.0,0.37584388256073,-5.683579444885254,24.829147338867188
505,-53.75974655151367,-11.837130546569824,0.0,0.5384588837623596,-5.779505252838135,-19.705204010009766
506,-9.23216438293457,-19.0742130279541,0.0,0.5828232169151306,-5.935567855834961,-24.483829498291016
507,19.092817306518555,-15.586556434631348,0.0,0.6188256740570068,-6.067687034606934,-33.6746711730957
508,-12.792756080627441,-25.416231155395508,0.0,0.8180024027824402,-5.8517842292785645,-1.8884103298187256
509,7.714603900909424,0.9459773898124695,0.0,0.4552355706691742,-5.868344306945801,19.68410873413086
510,-6.9662346839904785,-3.812347650527954,0.0,0.4597620964050293,-5.725700378417969,-32.17848587036133
511,-7.144230842590332,-5.540221214294434,0.0,0.5444359183311462,-5.831752777099609,-16.743371963500977
512,-1.9261949062347412,-11.057003021240234,0.0,0.4413033127784729,-5.58308219909668,23.561969757080078
513,-3.3219993114471436,-3.8294997215270996,0.0,0.4528140425682068,-5.900741100311279,-7.506731033325195
514,-1.0500296354293823,-0.7852482199668884,0.0,0.20334497094154358,-5.799036979675293,19.18029022216797
515,1.117318868637085,-6.765629291534424,0.0,0.10527918487787247,-5.74573278427124,13.45510196685791
516,-23.473987579345703,-0.18659065663814545,0.0,0.1590980738401413,-5.805343151092529,-24.147953033447266
517,-1.78296959400177,-4.506957054138184,0.0,0.3145611882209778,-5.774224758148193,-8.254822731018066
518,14.75596809387207,-10.210275650024414,0.0,0.3782821595668793,-5.8835649490356445,12.050520896911621
519,-6.765264511108398,-27.631677627563477,0.0,0.1940409541130066,-5.851853370666504,16.050521850585938
520,40.2603645324707,-9.727252006530762,0.0,0.04630618169903755,-6.047965049743652,-0.3922271728515625
521,-1.6536157131195068,-5.4649658203125,0.0,0.20655308663845062,-5.783872127532959,-22.667037963867188
522,-9.718006134033203,-4.829721450805664,0.0,0.4723377227783203,-6.01556396484375,-8.239555358886719
523,16.800718307495117,-8.173192977905273,0.0,0.6271013021469116,-6.068049430847168,0.03525352478027344
524,10.30596923828125,-6.828952312469482,0.0,0.5978592038154602,-5.817254066467285,12.707009315490723
525,-25.403032302856445,-2.4939355850219727,0.0,0.37404727935791016,-5.848071098327637,4.584872245788574
526,-12.48268985748291,-3.276270627975464,0.0,0.3145861029624939,-5.705715656280518,3.485635757446289
527,70.35113525390625,-13.640745162963867,0.0,0.5366390943527222,-6.106215953826904,-0.5754332542419434
528,0.9024356007575989,4.677351951599121,0.0,0.869490385055542,-6.228863716125488,-11.949479103088379
529,-51.14452362060547,-2.6616880893707275,0.0,0.8713662028312683,-5.885502815246582,12.218459129333496
530,-19.20700454711914,-0.36594337224960327,0.0,0.8480610847473145,-6.010257720947266,24.157390594482422
531,-77.15576171875,-12.104048728942871,0.0,0.6274245381355286,-5.71218729019165,35.8367805480957
532,48.046173095703125,8.717554092407227,0.0,0.8630734086036682,-6.2383928298950195,28.248992919921875
533,32.445377349853516,-7.269299507141113,0.0,0.6545183658599854,-5.913529872894287,38.264259338378906
534,-52.62825012207031,-15.768814086914062,0.0,0.5557428002357483,-5.774799823760986,-6.438028812408447
535,50.5306282043457,-21.781522750854492,0.0,0.5048336982727051,-5.809786796569824,-5.033448696136475
536,22.864728927612305,-6.114295482635498,0.0,0.480230450630188,-6.048695087432861,24.752811431884766
537,40.57473373413086,-3.4906656742095947,0.0,0.3229208290576935,-5.818790435791016,29.607772827148438
538,7.8340373039245605,26.89481544494629,0.0,0.46681463718414307,-6.193326473236084,15.058154106140137
539,-19.40900421142578,-15.858013153076172,0.0,0.5761419534683228,-5.591158866882324,18.447467803955078
540,18.799633026123047,-4.967736721038818,0.0,0.5827251672744751,-6.056548595428467,36.61540603637695
541,8.09326171875,-2.5204877853393555,0.0,0.3689894676208496,-5.619533061981201,56.310062408447266
542,-43.318626403808594,-4.864435195922852,0.0,0.45145463943481445,-5.818600654602051,20.58487319946289
543,30.843534469604492,-1.6618422269821167,0.0,0.3949437141418457,-5.860300064086914,53.62303924560547
544,32.69771957397461,-7.1297526359558105,0.0,0.5534505248069763,-5.922319412231445,-22.850242614746094
545,-9.45882797241211,-5.991499900817871,0.0,0.4323733448982239,-5.94180154800415,-8.575433731079102
546,-63.91681671142578,-14.414380073547363,0.0,0.45289066433906555,-5.626572608947754,-7.918944835662842
547,8.711071014404297,-7.789078712463379,0.0,0.19821690022945404,-6.060390472412109,32.00471878051758
548,29.428510665893555,0.34264644980430603,0.0,0.13808952271938324,-5.892017841339111,-16.102149963378906
549,-32.543983459472656,-14.727668762207031,0.0,0.1262533962726593,-5.930870532989502,-2.1021509170532227
550,-34.43184280395508,-8.95398235321045,0.0,0.15722790360450745,-5.873454570770264,-27.751007080078125
551,-5.12476921081543,-7.395633697509766,0.0,0.17381669580936432,-6.01003360748291,5.271895408630371
552,-0.04296494647860527,-12.292842864990234,0.0,0.04466898366808891,-6.03899621963501,20.172657012939453
553,7.303317070007324,-0.6529473066329956,0.0,-0.11363846063613892,-5.797431945800781,-25.41512680053711
554,-22.889850616455078,-4.8108439445495605,0.0,-0.03668021783232689,-5.818087577819824,-9.873143196105957
555,8.12584400177002,-3.4022634029388428,0.0,0.26183629035949707,-5.832910537719727,4.539070129394531
556,10.273358345031738,-9.457382202148438,0.0,0.13588103652000427,-5.91893196105957,18.386398315429688
557,-1.6905651092529297,2.995910406112671,0.0,0.2294551432132721,-5.91685676574707,-4.865509510040283
558,-31.564189910888672,-8.372564315795898,0.0,-0.0034171438310295343,-5.657246112823486,-3.5677995681762695
559,3.4605777263641357,-6.82452392578125,0.0,-0.3228405714035034,-5.897545337677002,3.1344900131225586
560,-40.0052490234375,-10.709832191467285,0.0,-0.24077291786670685,-5.756497859954834,33.592506408691406
561,-32.59183883666992,41.137428283691406,0.0,-0.10151314735412598,-5.928411483764648,15.424567222595215
562,-34.431758880615234,3.9068996906280518,0.0,0.1268777996301651,-5.99673318862915,-9.231922149658203
563,16.291095733642578,-6.342404365539551,0.0,0.020213332027196884,-5.780294418334961,18.50853729248047
564,-46.32362365722656,-7.456785678863525,0.0,-0.05936059728264809,-5.918216228485107,47.149757385253906
565,-70.69482421875,-10.40556526184082,0.0,-0.349488765001297,-5.940802097320557,14.783345222473145
566,-61.569087982177734,39.6833381652832,0.0,-0.45178213715553284,-5.476658344268799,33.027618408203125
567,6.5512471199035645,-12.077397346496582,0.0,-0.30923402309417725,-5.895683288574219,-37.14031982421875
568,-0.6453391909599304,-9.080770492553711,0.0,-0.23019017279148102,-5.519949913024902,4.157391548156738
569,-47.22904968261719,15.304400444030762,0.0,-0.4818841218948364,-5.780827045440674,26.768077850341797
570,73.80516815185547,31.924545288085938,0.0,-0.41395512223243713,-5.39211368560791,21.271896362304688
571,1.5152698755264282,-8.758306503295898,0.0,-0.2636184096336365,-5.83532190322876,-24.972381591796875
572,-69.37945556640625,-19.502727508544922,0.0,-0.29464876651763916,-5.507739067077637,-8.11741828918457
573,-7.912617206573486,6.6138224601745605,0.0,-0.5653373599052429,-5.353150844573975,41.913116455078125
574,-3.198221206665039,-3.014533281326294,0.0,-0.503369927406311,-5.790468215942383,-56.89604568481445
575,-45.31845474243164,-22.263595581054688,0.0,-0.613788902759552,-5.374166488647461,-3.6136012077331543
576,42.937171936035156,0.17678022384643555,0.0,-0.44018423557281494,-5.523642063140869,-9.980012893676758
577,40.60729217529297,4.897411346435547,0.0,-0.2818078100681305,-5.690244197845459,-31.07925033569336
578,-25.237075805664062,-4.4576239585876465,0.0,-0.014578666538000107,-5.283371925354004,-28.25482177734375
579,-10.50020694732666,-12.302825927734375,0.0,-0.317249596118927,-5.481194019317627,52.60013961791992
580,8.90174388885498,0.10307342559099197,0.0,-0.46903592348098755,-5.557354927062988,-17.9189453125
581,-23.690622329711914,-9.389534950256348,0.0,-0.2880167067050934,-5.282548427581787,-5.170853137969971
582,16.595806121826172,-46.06349182128906,0.0,-0.422711580991745,-5.573660373687744,1.5314369201660156
583,6.885803699493408,-0.5166875720024109,0.0,-0.2604250907897949,-5.546009063720703,-5.903677463531494
584,-34.66627883911133,-11.002903938293457,0.0,0.05538352578878403,-5.736111164093018,-101.07925415039062
585,-55.6475830078125,-8.950725555419922,0.0,-0.20506684482097626,-5.589095115661621,39.43983459472656
586,48.9361572265625,2.439039707183838,0.0,-0.2942432761192322,-5.40725564956665,28.248992919921875
587,26.32788848876953,-15.213386535644531,0.0,-0.1339276134967804,-5.297817230224609,-54.88077926635742
588,-21.452600479125977,-13.541635513305664,0.0,-0.37587910890579224,-5.462457656860352,-74.83497619628906
589,21.446277618408203,-3.4311747550964355,0.0,-0.19664105772972107,-5.436762809753418,-75.41513061523438
590,14.585469245910645,28.1773681640625,0.0,-0.17126648128032684,-5.439543724060059,13.042887687683105
591,-27.817453384399414,9.541276931762695,0.0,-0.03570890799164772,-5.548099517822266,33.36349868774414
592,-8.020702362060547,-8.697957992553711,0.0,-0.18454065918922424,-5.320290565490723,60.40166473388672
593,-89.28510284423828,13.819622993469238,0.0,-0.06393900513648987,-5.475559234619141,38.355865478515625
594,35.45044708251953,-15.28887939453125,0.0,0.04680377244949341,-5.094723701477051,28.41693115234375
595,-19.746965408325195,-7.420949459075928,0.0,0.36835405230522156,-5.397670269012451,-41.84260940551758
596,-6.647165775299072,-5.142155647277832,0.0,0.06363379210233688,-5.364914417266846,-21.781539916992188
597,25.617456436157227,-1.3161369562149048,0.0,0.1275675743818283,-5.121742248535156,-14.98764705657959
598,12.667989730834961,-3.449686288833618,0.0,0.12474819272756577,-5.248941421508789,-33.59833526611328
599,-21.899797439575195,-3.1564249992370605,0.0,0.15306489169597626,-5.221282482147217,-32.33115768432617
600,26.942310333251953,4.375556468963623,0.0,0.2587871849536896,-5.237816333770752,-10.60596752166748
601,-2.402963161468506,-14.689955711364746,0.0,0.2955847382545471,-5.230029106140137,-12.209020614624023
602,6.579524517059326,-8.964507102966309,0.0,0.3237234055995941,-5.061740875244141,55.134490966796875
603,-84.59590911865234,5.443045139312744,0.0,0.20638015866279602,-5.450916290283203,61.76044464111328
604,-5.281265735626221,-7.26251220703125,0.0,0.45857441425323486,-5.375606060028076,-55.12505340576172
605,-8.976057052612305,-14.363122940063477,0.0,0.3743826448917389,-4.932116508483887,32.15739059448242
606,11.687185287475586,-9.272186279296875,0.0,0.422391802072525,-5.135061264038086,60.905479431152344
607,-8.52497386932373,-6.031938552856445,0.0,0.6060448288917542,-5.462713718414307,-93.98001098632812
608,-13.641060829162598,-4.778306007385254,0.0,0.9216300845146179,-5.256436347961426,-0.9571127891540527
609,53.17694854736328,-3.798340320587158,0.0,0.7602711319923401,-5.224189281463623,-1.2013874053955078
610,4.203993797302246,-44.490108489990234,0.0,0.5837095975875854,-5.215259552001953,11.088688850402832
611,-61.31230545043945,-14.037712097167969,0.0,0.6391112804412842,-5.0342302322387695,-43.323524475097656
612,23.73691749572754,-12.684245109558105,0.0,0.5983145833015442,-5.1655964851379395,-43.10978698730469
613,74.93641662597656,-2.797085762023926,0.0,0.366110622882843,-5.464797019958496,-38.42276382446289
614,11.85293960571289,-9.744731903076172,0.0,0.7002193927764893,-4.900407791137695,22.676475524902344
615,81.3291244506836,-11.089639663696289,0.0,1.051613211631775,-5.124405384063721,-6.972379684448242
616,-68.81283569335938,-14.658650398254395,0.0,0.8969042897224426,-5.227167129516602,-37.09451675415039
617,-4.190649509429932,-13.727588653564453,0.0,0.7838974595069885,-5.060792446136475,8.890215873718262
618,-2.7911300659179688,-13.710586547851562,0.0,0.6829299330711365,-5.327386856079102,42.03525161743164
619,-26.200176239013672,-14.983925819396973,0.0,0.6398715972900391,-5.25900411605835,-14.773906707763672
620,-28.107603073120117,-9.388527870178223,0.0,0.7011347413063049,-5.318236351013184,-42.23955535888672
621,-11.497543334960938,-6.449926853179932,0.0,0.6577742695808411,-5.3150177001953125,10.6306734085083
622,3.753195285797119,3.5478739738464355,0.0,0.6438417434692383,-5.238144874572754,-21.445663452148438
623,33.7237548828125,-4.759179592132568,0.0,0.6639694571495056,-5.073639869689941,-6.4227614402771
624,40.74148178100586,-6.399748802185059,0.0,0.5144723653793335,-5.032705783843994,-21.93421173095703
625,11.496418952941895,-58.42557907104492,0.0,0.35585257411003113,-5.454360008239746,-13.552532196044922
626,6.28812313079834,-4.798339366912842,0.0,0.8611543774604797,-5.540694236755371,-41.33879470825195
627,26.825443267822266,-9.75882625579834,0.0,0.9467983841896057,-5.461185932159424,-32.30062484741211
628,-16.70493507385254,-0.004738259129226208,0.0,1.0355863571166992,-5.465228080749512,3.8825817108154297
629,-6.267366886138916,-6.691386699676514,0.0,0.8953825831413269,-5.439537525177002,-10.651769638061523
630,62.46476364135742,2.999579668045044,0.0,0.9950973391532898,-5.379812240600586,19.546703338623047
631,-26.200881958007812,-24.8792667388916,0.0,0.9848526120185852,-5.683937072753906,-5.84260892868042
632,-30.524818420410156,-2.1461799144744873,0.0,0.8927257657051086,-5.4007062911987305,-49.21665573120117
633,-11.244556427001953,4.661172866821289,0.0,0.9434975981712341,-5.383069038391113,-38.575435638427734
634,-8.08834171295166,-21.237794876098633,0.0,0.8518811464309692,-5.417577266693115,-20.743371963500977
635,5.596530914306641,-54.66230010986328,0.0,0.8302412629127502,-5.437097072601318,-29.048717498779297
636,8.104161262512207,3.0521531105041504,0.0,0.7988429069519043,-5.5005927085876465,6.676475524902344
637,12.182865142822266,-1.7450450658798218,0.0,0.9463139176368713,-5.577404975891113,-37.07925033569336
638,-0.9412556290626526,-11.24853801727295,0.0,0.9371978044509888,-5.415637969970703,-35.50673294067383
639,-2.7203547954559326,-0.7118198871612549,0.0,0.8274231553077698,-5.506136417388916,2.0047192573547363
640,35.57154846191406,4.883193016052246,0.0,0.6699569821357727,-5.525408744812012,13.21082592010498
641,-18.641555786132812,-6.458200931549072,0.0,0.6269650459289551,-5.496062278747559,-10.376960754394531
642,-11.014043807983398,3.7358081340789795,0.0,0.6233922839164734,-5.547564506530762,12.859681129455566
643,-20.989459991455078,6.757724285125732,0.0,0.5190739035606384,-5.440850257873535,-0.2853569984436035
644,5.592320442199707,-7.529993534088135,0.0,0.31642985343933105,-5.6627373695373535,3.8825817108154297
645,11.834342956542969,-3.3280327320098877,0.0,0.31434136629104614,-5.5465779304504395,-2.3616929054260254
646,-15.568154335021973,-16.187000274658203,0.0,0.1577710658311844,-5.4544148445129395,13.897849082946777
647,-21.554677963256836,-10.712596893310547,0.0,0.17565898597240448,-5.501917362213135,-4.941845417022705
648,11.118505477905273,-5.502449989318848,0.0,0.19303558766841888,-5.601285457611084,-11.063982963562012
649,-24.212108612060547,-16.662860870361328,0.0,0.14242593944072723,-5.585734844207764,-4.13268518447876
650,-11.350187301635742,-13.190751075744629,0.0,0.07662031054496765,-5.598456859588623,-17.07925033569336
651,-33.55924606323242,-13.372842788696289,0.0,0.047249648720026016,-5.599672317504883,-9.384593963623047
652,-11.649648666381836,-8.007309913635254,0.0,-0.0956602543592453,-5.710825443267822,9.01235294342041
653,-7.234979152679443,-11.090497016906738,0.0,-0.13480988144874573,-5.74923038482666,-8.178486824035645
654,-16.971837997436523,-3.4333717823028564,0.0,-0.10803792625665665,-5.785182952880859,-9.292990684509277
655,-4.7865519523620605,-6.431758403778076,0.0,-0.23003239929676056,-5.752738952636719,-5.445662498474121
656,-13.548812866210938,-4.713068008422852,0.0,-0.3158452808856964,-5.790640354156494,3.226093292236328
657,-4.865795135498047,-10.297294616699219,0.0,-0.2782151997089386,-5.886415004730225,-1.2777233123779297
658,0.6812595725059509,-6.802942276000977,0.0,-0.35517340898513794,-5.787067890167236,0.17265844345092773
659,-4.219311714172363,-11.162351608276367,0.0,-0.323397159576416,-5.8447418212890625,-14.31589126586914
660,-5.974545478820801,-10.95084285736084,0.0,-0.361675888299942,-5.931294918060303,4.661208152770996
661,18.904203414916992,-14.223432540893555,0.0,-0.36385661363601685,-5.816082000732422,-5.857875823974609
662,-21.84052848815918,-0.8548367619514465,0.0,-0.4726175367832184,-5.914938926696777,7.226093292236328
663,-4.99003267288208,-5.961101531982422,0.0,-0.40127700567245483,-5.925063610076904,-3.689937114715576
664,-18.290237426757812,-8.445388793945312,0.0,-0.47987595200538635,-5.937141418457031,1.409299373626709
665,2.770745277404785,-10.02457332611084,0.0,-0.5148535966873169,-5.938980579376221,-11.659402847290039
666,-10.004462242126465,-5.28647518157959,0.0,-0.5557600259780884,-6.028923034667969,0.6612081527709961
667,1.9875116348266602,-7.555727958679199,0.0,-0.5310217142105103,-5.985206127166748,-2.6823034286499023
668,-16.228927612304688,-2.8783607482910156,0.0,-0.5480934381484985,-6.000288486480713,5.516169548034668
669,-0.27576446533203125,-8.929381370544434,0.0,-0.6208104491233826,-6.042122840881348,-1.3998608589172363
670,-4.454443454742432,-5.498495101928711,0.0,-0.5966616272926331,-6.036773204803467,-9.140318870544434
671,-17.518850326538086,-3.0613465309143066,0.0,-0.6305636763572693,-6.056309223175049,10.019986152648926
672,-20.125736236572266,-5.840000629425049,0.0,-0.6680343151092529,-6.103501319885254,10.17265796661377
673,-20.028778076171875,-6.5929155349731445,0.0,-0.6916864514350891,-6.103669166564941,-6.1784868240356445
674,-6.898717880249023,-4.833269119262695,0.0,-0.7568725943565369,-6.160321235656738,11.256627082824707
675,-7.581670761108398,-4.996179103851318,0.0,-0.7223397493362427,-6.1236701011657715,-2.6059677600860596
676,-7.772218227386475,-3.2342631816864014,0.0,-0.7334547638893127,-6.138938903808594,0.9970855712890625
677,-3.243595600128174,-4.253832817077637,0.0,-0.7537453174591064,-6.154065132141113,-1.6746699810028076
678,-10.193328857421875,-5.119566440582275,0.0,-0.7939572334289551,-6.1732635498046875,4.645940780639648
679,-1.9006106853485107,-5.970384120941162,0.0,-0.8014326691627502,-6.167768955230713,-3.9342119693756104
680,-9.561761856079102,2.4128754138946533,0.0,-0.7990869879722595,-6.207001209259033,10.203192710876465
681,16.646240234375,-8.356557846069336,0.0,-0.7549197673797607,-6.170520305633545,-18.728105545043945
682,10.655498504638672,-10.012325286865234,0.0,-0.7886992692947388,-6.133155822753906,-24.74337387084961
683,-17.551023483276367,-19.96694564819336,0.0,-0.848696768283844,-6.153297424316406,-23.20138931274414
684,-6.738361358642578,-4.775515079498291,0.0,-0.8608797192573547,-6.219252109527588,-2.69757080078125
685,-7.7800984382629395,-8.096636772155762,0.0,-0.8587915897369385,-6.189180374145508,-2.2395553588867188
686,-9.809523582458496,-7.2952375411987305,0.0,-0.8796919584274292,-6.25333309173584,3.638307571411133
687,-7.799434661865234,-4.721488952636719,0.0,-0.8892379403114319,-6.31365442276001,8.645940780639648
688,-7.142691612243652,-4.098567485809326,0.0,-0.9023672938346863,-6.320740222930908,7.714643478393555
689,3.00273060798645,-3.465271234512329,0.0,-0.9257567524909973,-6.301177978515625,-5.980013370513916
690,1.9731287956237793,-9.791901588439941,0.0,-0.9437803626060486,-6.315917491912842,20.936016082763672
691,-4.281707286834717,-6.729564666748047,0.0,-0.9510946273803711,-6.213817119598389,10.966551780700684
692,-20.015750885009766,-13.333301544189453,0.0,-1.0034281015396118,-6.231849193572998,4.371131896972656
693,-7.529488563537598,-15.278239250183105,0.0,-1.0075302124023438,-6.272449016571045,-4.025815010070801
694,3.704026460647583,2.3208112716674805,0.0,-1.0623576641082764,-6.297550678253174,4.981818199157715
695,0.5357956886291504,0.5433067679405212,0.0,-1.0536895990371704,-6.334074020385742,12.355864524841309
696,-4.992496490478516,-9.232062339782715,0.0,-1.0205975770950317,-6.324685096740723,0.7680783271789551
697,-10.667341232299805,-5.110802173614502,0.0,-1.0257614850997925,-6.313191890716553,0.844414234161377
698,-3.511488914489746,-3.3492283821105957,0.0,-1.0131851434707642,-6.345562934875488,2.7375435829162598
699,-1.0349222421646118,-2.0960941314697266,0.0,-1.008690357208252,-6.3535990715026855,1.5772385597229004
700,-1.628655195236206,-1.1187732219696045,0.0,-1.0090025663375854,-6.348572254180908,1.1039562225341797
701,-7.387686729431152,-7.152943134307861,0.0,-1.0134183168411255,-6.414376258850098,4.478001594543457
702,-5.991164207458496,-8.72069263458252,0.0,-1.0177093744277954,-6.440513610839844,0.37113142013549805
703,-11.577077865600586,-3.6204588413238525,0.0,-1.0184379816055298,-6.403451442718506,-1.018181324005127
704,-5.309417724609375,-8.637036323547363,0.0,-1.0495364665985107,-6.447522163391113,3.7909793853759766
705,-3.1725854873657227,-7.278925895690918,0.0,-1.0712296962738037,-6.44985818862915,-4.224288463592529
706,-12.819706916809082,-2.5422415733337402,0.0,-1.0494892597198486,-6.421013355255127,1.882582187652588
707,-12.19748592376709,-2.8409063816070557,0.0,-1.1355308294296265,-6.473175048828125,17.027618408203125
708,-2.8684935569763184,-7.246456146240234,0.0,-1.1543023586273193,-6.433872222900391,-5.735738754272461
709,-14.288511276245117,-6.062592506408691,0.0,-1.1479119062423706,-6.4292168617248535,-7.125051498413086
710,-7.21187686920166,-0.07070338726043701,0.0,-1.198559045791626,-6.464520454406738,13.363497734069824
711,-1.783395767211914,-11.451065063476562,0.0,-1.1627092361450195,-6.452308654785156,-1.4303951263427734
712,-8.83062744140625,-9.485433578491211,0.0,-1.142585039138794,-6.485528469085693,-0.11741781234741211
713,-7.24186897277832,-9.43380355834961,0.0,-1.1125719547271729,-6.504428386688232,-8.14795207977295
714,-8.364858627319336,-4.838507652282715,0.0,-1.1331831216812134,-6.534425735473633,-0.8349752426147461
715,-6.778203010559082,-4.900117874145508,0.0,-1.132054090499878,-6.55128288269043,-1.9952807426452637
716,-1.729478120803833,-7.910837650299072,0.0,-1.1292129755020142,-6.4956769943237305,-5.75100564956665
717,-3.00817608833313,-15.860177040100098,0.0,-1.1314417123794556,-6.468854904174805,-12.60596752166748
718,-4.614081382751465,-4.963926792144775,0.0,-1.1537446975708008,-6.54953670501709,5.0428876876831055
719,-5.769791603088379,-8.877713203430176,0.0,-1.153703212738037,-6.523833751678467,-12.560166358947754
720,-12.810321807861328,-2.6730175018310547,0.0,-1.1648682355880737,-6.569406986236572,9.913116455078125
721,-22.410968780517578,-4.314516067504883,0.0,-1.1660698652267456,-6.542628765106201,-6.2853569984436035
722,-1.0769028663635254,-6.805126190185547,0.0,-1.2415876388549805,-6.579602241516113,-7.109784126281738
723,-6.924012660980225,-5.008492469787598,0.0,-1.2196322679519653,-6.570513725280762,-2.407494306564331
724,-4.940173625946045,-9.330582618713379,0.0,-1.2117249965667725,-6.529245853424072,-1.0639829635620117
725,0.6383746862411499,-9.94208812713623,0.0,-1.223440408706665,-6.555393218994141,5.699376106262207
726,-3.2406275272369385,-4.676517486572266,0.0,-1.2080507278442383,-6.561129093170166,-6.224287986755371
727,2.3362488746643066,-1.8634581565856934,0.0,-1.200439691543579,-6.582165718078613,-5.84260892868042
728,-9.238317489624023,-8.65640926361084,0.0,-1.2166835069656372,-6.562389850616455,1.4551010131835938
729,0.8952324986457825,-10.06731128692627,0.0,-1.2241230010986328,-6.578216075897217,-3.6136012077331543
730,-4.091311454772949,-5.2970662117004395,0.0,-1.195910096168518,-6.599295139312744,-3.4609293937683105
731,-9.616634368896484,-10.62105941772461,0.0,-1.2246434688568115,-6.582348346710205,0.9970855712890625
732,0.9919858574867249,-6.385796546936035,0.0,-1.2204240560531616,-6.607266426086426,-3.4609293937683105
733,1.1795228719711304,-5.775692462921143,0.0,-1.2161085605621338,-6.610350608825684,-3.84260892868042
734,-9.040197372436523,-5.943610191345215,0.0,-1.2069356441497803,-6.626125335693359,-2.5448989868164062
735,4.592065334320068,-5.608628749847412,0.0,-1.2103796005249023,-6.628327369689941,-1.7968072891235352
736,3.682966947555542,-7.61688232421875,0.0,-1.2116682529449463,-6.624624252319336,-6.69757080078125
737,-10.911608695983887,-10.478939056396484,0.0,-1.2188632488250732,-6.610538005828857,2.203192710876465
738,-10.389374732971191,-10.942727088928223,0.0,-1.1963356733322144,-6.629149913787842,2.3558645248413086
739,3.5584018230438232,-8.127927780151367,0.0,-1.1944152116775513,-6.624011993408203,3.3176965713500977
740,-13.6636323928833,-12.246648788452148,0.0,-1.1825439929962158,-6.6257219314575195,-0.04108238220214844
741,-4.231161594390869,-9.716346740722656,0.0,-1.1840195655822754,-6.632134437561035,1.806246280670166
742,-8.331823348999023,-5.187180519104004,0.0,-1.1534420251846313,-6.663475513458252,-9.552532196044922
743,8.152544975280762,-3.1055748462677,0.0,-1.1652886867523193,-6.649560928344727,-5.934211730957031
744,5.917150974273682,-4.66847038269043,0.0,-1.1664652824401855,-6.636080265045166,-2.3922271728515625
745,-3.250504493713379,-8.552302360534668,0.0,-1.1664708852767944,-6.62900447845459,4.478001594543457
746,-9.578764915466309,-10.190163612365723,0.0,-1.150373935699463,-6.644690036773682,1.0276203155517578
747,0.5669379830360413,-6.882074356079102,0.0,-1.1527390480041504,-6.668436527252197,-3.415127992630005
748,-0.08982785046100616,-6.809760570526123,0.0,-1.1484664678573608,-6.675467014312744,-1.980013370513916
749,-6.687848091125488,-12.394874572753906,0.0,-1.1416480541229248,-6.678837776184082,-1.2929904460906982
750,-4.772603511810303,-8.587295532226562,0.0,-1.136139154434204,-6.711141109466553,-1.9036774635314941
751,-1.7306420803070068,-2.399358034133911,0.0,-1.148401141166687,-6.723297595977783,-0.7891736030578613
752,-1.6553488969802856,-4.146734237670898,0.0,-1.1513627767562866,-6.723898887634277,0.26426124572753906
753,-2.952587127685547,-7.331880569458008,0.0,-1.152480959892273,-6.720319747924805,-2.804440975189209
754,-3.435981273651123,-7.247096061706543,0.0,-1.156325340270996,-6.723850727081299,-0.37695980072021484
755,-5.012065410614014,-8.508426666259766,0.0,-1.1432851552963257,-6.723825454711914,-1.3693263530731201
756,-2.2365968227386475,-6.088079452514648,0.0,-1.1446247100830078,-6.734521389007568,-2.483830213546753
757,-2.660771131515503,-7.235442638397217,0.0,-1.142335057258606,-6.748784065246582,-1.231921911239624
758,-4.962394714355469,-8.05441665649414,0.0,-1.139549732208252,-6.750096797943115,-2.8960440158843994
759,-4.596486568450928,-7.824276447296143,0.0,-1.142183542251587,-6.759311676025391,-4.0716166496276855
760,-3.269408702850342,-7.043103218078613,0.0,-1.148277997970581,-6.775025844573975,-1.4151279926300049
761,-4.364975929260254,-8.011637687683105,0.0,-1.1443750858306885,-6.774027347564697,-3.3540592193603516
762,-3.873579978942871,-7.544050216674805,0.0,-1.1437677145004272,-6.782593727111816,-4.11741828918457
763,-4.706814765930176,-7.697600364685059,0.0,-1.1532261371612549,-6.785072326660156,-2.3158912658691406
764,-2.0654735565185547,-6.662185192108154,0.0,-1.1413065195083618,-6.774068355560303,-3.4914638996124268
765,-2.3123738765716553,-6.042105674743652,0.0,-1.1507031917572021,-6.782327651977539,-2.1784868240356445
766,-3.922325611114502,-8.068891525268555,0.0,-1.134750247001648,-6.777185916900635,-2.8502423763275146
767,-4.77085018157959,-7.588172912597656,0.0,-1.1437565088272095,-6.786254405975342,-1.8273417949676514
768,-3.163865089416504,-6.9229841232299805,0.0,-1.13071870803833,-6.779643535614014,-3.766273021697998
769,-4.3204827308654785,-6.783279895782471,0.0,-1.138318419456482,-6.7883524894714355,-1.7510058879852295
770,-0.013327929191291332,-6.779947757720947,0.0,-1.1281840801239014,-6.799942493438721,-0.3311586380004883
771,-3.482133150100708,-6.804723262786865,0.0,-1.1386924982070923,-6.810117721557617,-3.3845934867858887
772,-2.781923770904541,-7.758935451507568,0.0,-1.1346755027770996,-6.815683364868164,-1.5830669403076172
773,-4.377940654754639,-8.17428207397461,0.0,-1.141749382019043,-6.826469421386719,-2.6365020275115967
774,-4.344771385192871,-8.147115707397461,0.0,-1.144532561302185,-6.831578254699707,-2.4380288124084473
775,-2.833489179611206,-6.898233413696289,0.0,-1.1433031558990479,-6.832300662994385,-2.6517691612243652
776,-3.6538593769073486,-7.471491813659668,0.0,-1.1450068950653076,-6.829888343811035,-3.048715591430664
777,-3.987849712371826,-7.524142265319824,0.0,-1.142677664756775,-6.836833953857422,-2.5296318531036377
778,-4.691497802734375,-7.500674724578857,0.0,-1.1426714658737183,-6.832761287689209,-2.69757080078125
779,-3.797257900238037,-7.964019775390625,0.0,-1.142742395401001,-6.835062503814697,-2.0410821437835693
780,-2.7005772590637207,-6.5485429763793945,0.0,-1.140823245048523,-6.838979721069336,-2.2090210914611816
781,-4.244794845581055,-7.806803226470947,0.0,-1.1432526111602783,-6.836413860321045,-2.8197081089019775
782,-3.394939661026001,-7.272669792175293,0.0,-1.142744779586792,-6.833168983459473,-2.773906707763672
783,-3.7069175243377686,-6.413611888885498,0.0,-1.139940619468689,-6.810579299926758,-3.1097846031188965
784,-3.932100296020508,-6.688907623291016,0.0,-1.138852834701538,-6.801331520080566,-2.1784868240356445
785,-3.36464786529541,-6.840451717376709,0.0,-1.1366477012634277,-6.8014397621154785,-2.667036294937134
786,-3.9613704681396484,-7.634613513946533,0.0,-1.1365587711334229,-6.802725315093994,-2.7433722019195557
787,-3.1267495155334473,-7.587615013122559,0.0,-1.134319543838501,-6.805520534515381,-2.6059677600860596
788,-3.675518274307251,-7.080434799194336,0.0,-1.1385866403579712,-6.804895877838135,-2.590700387954712
789,-3.305988311767578,-6.753820896148682,0.0,-1.1349680423736572,-6.808783054351807,-2.9571127891540527
790,-4.094615459442139,-7.3403143882751465,0.0,-1.1341960430145264,-6.810290813446045,-2.6059677600860596
791,-3.903888463973999,-7.2498884201049805,0.0,-1.1338257789611816,-6.818049907684326,-2.4990973472595215
792,-3.7365121841430664,-7.335241317749023,0.0,-1.1340738534927368,-6.822529315948486,-2.300624132156372
793,-2.754378318786621,-7.09672737121582,0.0,-1.130136489868164,-6.830073356628418,-2.193753957748413
794,-4.124490737915039,-7.444320201873779,0.0,-1.1342103481292725,-6.836791038513184,-2.6823034286499023
795,-3.7704131603240967,-6.940733432769775,0.0,-1.1356571912765503,-6.844813823699951,-1.9647462368011475
796,-3.286085605621338,-7.010951042175293,0.0,-1.135382056236267,-6.855834007263184,-2.621234893798828
797,-4.08856201171875,-7.224133491516113,0.0,-1.142945647239685,-6.871560573577881,-2.0105478763580322
798,-4.252575874328613,-7.970648765563965,0.0,-1.143733263015747,-6.871383190155029,-2.8960440158843994
799,-3.874748706817627,-7.831424713134766,0.0,-1.153579831123352,-6.876646041870117,-2.834975242614746
800,-3.17804217338562,-7.267904758453369,0.0,-1.1556578874588013,-6.8783440589904785,-2.1021509170532227
801,-4.573863983154297,-7.728262424468994,0.0,-1.1628717184066772,-6.8836669921875,-3.094517230987549
802,-2.920003890991211,-7.674338340759277,0.0,-1.1625622510910034,-6.883419990539551,-2.2395553588867188
803,-2.964794397354126,-7.252357006072998,0.0,-1.157968521118164,-6.874809265136719,-2.2853569984436035
804,-4.393213748931885,-7.552624702453613,0.0,-1.1587599515914917,-6.875363826751709,-2.6059677600860596
805,-3.635693073272705,-8.1729154586792,0.0,-1.1565901041030884,-6.877112865447998,-2.483830213546753
806,-3.813955307006836,-7.186147689819336,0.0,-1.1579710245132446,-6.875866413116455,-1.9036774635314941
807,-4.076406002044678,-6.997913360595703,0.0,-1.1580489873886108,-6.874823093414307,-2.1326851844787598
808,-3.844318389892578,-7.40687370300293,0.0,-1.1554800271987915,-6.868976593017578,-2.5448989868164062
809,-3.711421489715576,-7.075916767120361,0.0,-1.151494026184082,-6.859955310821533,-2.4380288124084473
810,-3.5085628032684326,-6.705162525177002,0.0,-1.1478720903396606,-6.847969055175781,-2.8655097484588623
811,-3.813932180404663,-6.441277980804443,0.0,-1.1435041427612305,-6.834860801696777,-2.4685630798339844
812,-3.506519317626953,-6.731378555297852,0.0,-1.1406863927841187,-6.828508377075195,-2.9265782833099365
813,-3.698066473007202,-7.261023998260498,0.0,-1.1369668245315552,-6.826423168182373,-2.514364719390869
814,-3.449239730834961,-7.28693962097168,0.0,-1.1347620487213135,-6.828866481781006,-2.758639335632324
815,-3.9440622329711914,-7.040562152862549,0.0,-1.1381257772445679,-6.833255290985107,-2.4990973472595215
816,-3.2466423511505127,-7.563733100891113,0.0,-1.136256456375122,-6.841131687164307,-2.1479523181915283
817,-4.544060707092285,-7.32282829284668,0.0,-1.1403307914733887,-6.844949245452881,-2.7433722019195557
818,-3.5931589603424072,-7.8163580894470215,0.0,-1.1408095359802246,-6.8514814376831055,-2.3158912658691406
819,-3.684354782104492,-7.107765197753906,0.0,-1.1413311958312988,-6.858693599700928,-2.667036294937134
820,-4.079433917999268,-7.422469139099121,0.0,-1.1442234516143799,-6.860716342926025,-2.5754332542419434
821,-3.5071027278900146,-7.541966915130615,0.0,-1.142057180404663,-6.865065574645996,-2.6823034286499023
822,-3.6514511108398438,-7.2810139656066895,0.0,-1.1423166990280151,-6.868190288543701,-2.2548227310180664
823,-3.79425048828125,-6.909040451049805,0.0,-1.1411415338516235,-6.863907814025879,-2.4227614402770996
824,-3.9587600231170654,-6.314180850982666,0.0,-1.1402223110198975,-6.858553409576416,-3.0029141902923584
825,-3.5433237552642822,-7.404543876647949,0.0,-1.135541319847107,-6.861284255981445,-2.086883783340454
826,-3.831021308898926,-7.296394348144531,0.0,-1.136186122894287,-6.866125106811523,-2.69757080078125
827,-3.6710758209228516,-7.165628433227539,0.0,-1.1360982656478882,-6.8750481605529785,-2.5296318531036377
828,-3.605254650115967,-7.092767238616943,0.0,-1.1401159763336182,-6.881313800811768,-2.4227614402770996
829,-4.206300258636475,-6.996326923370361,0.0,-1.144531488418579,-6.892867565155029,-2.4227614402770996
830,-3.5269110202789307,-7.660308361053467,0.0,-1.145320177078247,-6.9004411697387695,-2.4685630798339844
831,-3.955355644226074,-7.189818859100342,0.0,-1.1481434106826782,-6.90565299987793,-2.3616929054260254
832,-3.569061279296875,-7.133155822753906,0.0,-1.1475205421447754,-6.910580635070801,-2.6365020275115967
833,-3.711811065673828,-7.77663516998291,0.0,-1.1454468965530396,-6.914556980133057,-2.514364719390869
834,-3.4581363201141357,-7.754652976989746,0.0,-1.1437124013900757,-6.921622276306152,-2.3922271728515625
835,-3.3903112411499023,-7.781665802001953,0.0,-1.142611026763916,-6.928847312927246,-2.773906707763672
836,-3.7772560119628906,-7.500040531158447,0.0,-1.1427881717681885,-6.931027412414551,-2.4685630798339844
837,-3.7473506927490234,-7.778373718261719,0.0,-1.1444169282913208,-6.935111045837402,-2.407494306564331
838,-4.1252617835998535,-7.549344062805176,0.0,-1.1484105587005615,-6.9339213371276855,-2.4380288124084473
839,-3.8158175945281982,-6.961841106414795,0.0,-1.1475847959518433,-6.918834686279297,-2.590700387954712
840,-3.501343250274658,-7.124856472015381,0.0,-1.147821068763733,-6.912057399749756,-2.5296318531036377
841,-3.680098295211792,-7.42231559753418,0.0,-1.148643136024475,-6.905811786651611,-2.483830213546753
842,-3.577029228210449,-7.00777530670166,0.0,-1.148612380027771,-6.903047561645508,-2.3922271728515625
843,-3.5328116416931152,-7.159571647644043,0.0,-1.1453646421432495,-6.90013313293457,-2.758639335632324
844,-3.636378765106201,-7.1396050453186035,0.0,-1.1408356428146362,-6.90390682220459,-2.4227614402770996
845,-3.5300023555755615,-7.672143936157227,0.0,-1.1376004219055176,-6.909897327423096,-2.6059677600860596
846,-3.7466771602630615,-7.131793975830078,0.0,-1.1348265409469604,-6.915797233581543,-2.590700387954712
847,-3.957251787185669,-7.351426601409912,0.0,-1.1361407041549683,-6.9221673011779785,-2.22428822517395
848,-3.7269906997680664,-7.442910194396973,0.0,-1.1380037069320679,-6.923656463623047,-2.758639335632324
849,-3.7178940773010254,-7.538055896759033,0.0,-1.1370326280593872,-6.928771018981934,-2.7433722019195557
850,-3.8800671100616455,-7.128911018371582,0.0,-1.1365467309951782,-6.934177398681641,-2.9265782833099365
